Date,Close,pct_change,10d_vol,ma20,ma100,signal,position
2012-05-18,38.23,,,,,,
2012-05-21,34.029999,-0.109861391577,,,,,
2012-05-22,31.0,-0.0890390563926,,,,,
2012-05-23,32.0,0.0322580645161,,,,,
2012-05-24,33.029999,0.03218746875,,,,,
2012-05-25,31.91,-0.0339085387196,,,,,
2012-05-29,28.84,-0.0962080852397,,,,,
2012-05-30,28.190001,-0.0225381067961,,,,,
2012-05-31,29.6,0.0500176995382,,,,,
2012-06-01,27.719999,-0.0635135472973,,,,,
2012-06-04,26.9,-0.0295814945736,0.0572482962414,,,,
2012-06-05,25.870001,-0.0382899256506,0.0506700061681,,,,
2012-06-06,26.809999,0.0363354450585,0.0487764043511,,,,
2012-06-07,26.309999,-0.0186497582488,0.0460720530581,,,,
2012-06-08,27.1,0.0300266450029,0.0458126903427,,,,
2012-06-11,27.01,-0.00332103321033,0.0457002962242,,,,
2012-06-12,27.4,0.0144390966309,0.0364705502172,,,,
2012-06-13,27.27,-0.00474452554745,0.0359230682181,,,,
2012-06-14,28.290001,0.0374037770444,0.0340371325812,,,,
2012-06-15,30.01,0.0607988313609,0.0325504812218,29.3759999,,,
2012-06-18,31.41,0.0466511162946,0.0315680194002,29.0349999,,,
2012-06-19,31.91,0.0159184972939,0.0252114842436,28.92899995,,,
2012-06-20,31.6,-0.00971482293952,0.026376495175,28.95899995,,,
2012-06-21,31.84,0.00759493670886,0.023608860604,28.95099995,,,
2012-06-22,33.049999,0.0380024811558,0.0241327142481,28.95199995,,,
2012-06-25,32.060001,-0.0299545546128,0.0281627703688,28.9595,,,
2012-06-26,33.099998,0.0324390819576,0.0285085959953,29.1724999,,,
2012-06-27,32.23,-0.0262839290806,0.0312232639664,29.37449985,,,
2012-06-28,31.360001,-0.0269934533044,0.0331917251545,29.4624999,,,
2012-06-29,31.1,-0.00829084794991,0.0284971454643,29.63149995,,,
2012-07-02,30.77,-0.0106109324759,0.024422259807,29.82499995,,,
2012-07-03,31.200001,0.0139746831329,0.0242729387347,30.09149995,,,
2012-07-05,31.469999,0.00865378177392,0.0243178638021,30.32449995,,,
2012-07-06,31.73,0.00826186870867,0.0243423575545,30.5955,,,
2012-07-09,32.169998,0.0138669398046,0.0211316873082,30.8489999,,,
2012-07-10,31.469999,-0.0217593734386,0.0200811852444,31.07199985,,,
2012-07-11,30.969999,-0.0158881479469,0.01644537238,31.2504998,,,
2012-07-12,30.809999,-0.00516629012484,0.0149075859789,31.42749975,,,
2012-07-13,30.719999,-0.00292112959822,0.012621270112,31.54899965,,,
2012-07-16,28.25,-0.0804036158986,0.0279343155896,31.46099965,,,
2012-07-17,28.09,-0.00566371681416,0.0279503394124,31.29499965,,,
2012-07-18,29.110001,0.0363118903524,0.0307195707279,31.1549997,,,
2012-07-19,29.0,-0.00377880440471,0.0302879985255,31.0249997,,,
2012-07-20,28.76,-0.00827586206897,0.0297657560358,30.8709997,,,
2012-07-23,28.75,-0.000347705146036,0.0288584767878,30.65599975,,,
2012-07-24,28.450001,-0.0104347478261,0.0286012102879,30.47549975,,,
2012-07-25,29.34,0.0312829162994,0.0312285197893,30.28749985,,,
2012-07-26,26.85,-0.0848670756646,0.040180281939,30.01849985,,,
2012-07-27,23.709999,-0.11694603352,0.05158993807,29.63599975,,,
2012-07-30,23.15,-0.0236186850957,0.0477091712013,29.23849975,,,
2012-07-31,21.709999,-0.0622030669546,0.0493241830428,28.7854997,,,
2012-08-01,20.879999,-0.038231231609,0.044549992793,28.2694996,,,
2012-08-02,20.040001,-0.0402297911987,0.0434863317103,27.6979997,,,
2012-08-03,21.09,0.0523951570661,0.0512316753355,27.1659997,,,
2012-08-06,21.92,0.0393551446183,0.0551174635604,26.6534998,,,
2012-08-07,20.719999,-0.0547445711679,0.0555644531096,26.1159998,,,
2012-08-08,20.719999,0.0,0.0525430377371,25.6034998,,,
2012-08-09,21.01,0.0139961879342,0.050957499619,25.11349985,,,
2012-08-10,21.809999,0.0380770585436,0.0420031341442,24.66799985,,,
2012-08-13,21.6,-0.00962856531997,0.0416387722211,24.33549985,,,
2012-08-14,20.379999,-0.0564815277778,0.0408136705048,23.9499998,,,
2012-08-15,21.200001,0.0402356251342,0.0413712645073,23.5544998,,,
2012-08-16,19.870001,-0.0627358460974,0.0444401543021,23.09799985,,,
2012-08-17,19.049999,-0.0412683421606,0.0419836788705,22.6124998,,,
2012-08-20,20.01,0.0503937559262,0.0435225740568,22.1754998,,,
2012-08-21,19.16,-0.0424787606197,0.0422188802309,21.71099975,,,
2012-08-22,19.440001,0.0146138308977,0.0427374226063,21.2159998,,,
2012-08-23,19.440001,0.0,0.042253429479,20.84549985,,,
2012-08-24,19.41,-0.00154326123749,0.0393203243275,20.6304999,,,
2012-08-27,19.15,-0.0133951571355,0.0393249457511,20.4304999,,,
2012-08-28,19.34,0.00992167101828,0.0363342400281,20.31199995,,,
2012-08-29,19.1,-0.0124095139607,0.0327490400467,20.223,,,
2012-08-30,19.09,-0.000523560209424,0.0269990261298,20.17549995,,,
2012-08-31,18.059999,-0.0539550026192,0.0291726751559,20.0239999,,,
2012-09-04,17.73,-0.0182723708899,0.0218686947203,19.8144999,,,
2012-09-05,18.58,0.0479413423576,0.0260665434677,19.70749995,,,
2012-09-06,18.959999,0.0204520452099,0.026559678037,19.61949995,,,
2012-09-07,18.98,0.00105490511893,0.0265713839166,19.51799995,,,
2012-09-10,18.809999,-0.00895684931507,0.0266582450163,19.36799995,,,
2012-09-11,19.43,0.0329612457715,0.0285754304919,19.25949995,,,
2012-09-12,20.93,0.0772002058672,0.0372867389088,19.287,,,
2012-09-13,20.709999,-0.0105112756808,0.0371728419798,19.2624999,,,
2012-09-14,22.0,0.0622888006899,0.0405840963362,19.36899985,,,
2012-09-17,21.52,-0.0218181818182,0.0354648862743,19.4924999,,,
2012-09-18,21.870001,0.0162639869888,0.033118833475,19.58549995,,,
2012-09-19,23.290001,0.0649291236887,0.0349975004239,19.792,,,
2012-09-20,22.59,-0.030055859594,0.0388955656097,19.94949995,,,
2012-09-21,22.860001,0.0119522355024,0.0385083464849,20.12049995,,,
2012-09-24,20.790001,-0.0905511771412,0.0516070166242,20.1895,,,
2012-09-25,20.280001,-0.0245310233511,0.0521213906558,20.24600005,,,
2012-09-26,20.620001,0.0167652851694,0.0460344315262,20.3100001,,,
2012-09-27,20.32,-0.0145490293623,0.0461493020539,20.3710001,,,
2012-09-28,21.66,0.0659448818898,0.0467167866147,20.4995001,,,
2012-10-01,21.99,0.0152354570637,0.0463114829315,20.69600015,,,
2012-10-02,22.27,0.012733060482,0.0462136642049,20.92300015,,,
2012-10-03,21.83,-0.0197575213291,0.0410295340685,21.08550015,,,
2012-10-04,21.950001,0.0054970682547,0.0402150394719,21.23500025,,,
2012-10-05,20.91,-0.0473804534223,0.0422334353954,21.33150025,,,
2012-10-08,20.4,-0.0243902439024,0.0317578277158,21.4110003,,,
2012-10-09,20.23,-0.00833333333333,0.0308495058574,21.4510003,25.17659993,-1.0,-3241543.0
2012-10-10,19.639999,-0.0291646564508,0.0315171723828,21.38650025,24.99069992,-1.0,-3172873.0
2012-10-11,19.75,0.00560086586562,0.0314414201482,21.3385003,24.84789993,-1.0,-3180518.0
2012-10-12,19.52,-0.0116455696203,0.0203012455535,21.2145003,24.73309993,-1.0,-4925806.0
2012-10-15,19.52,0.0,0.0186914518624,21.1145003,24.60829993,-1.0,-5350039.0
2012-10-16,19.48,-0.00204918032787,0.0170591014531,20.99500025,24.47279994,-1.0,-5861973.0
2012-10-17,19.879999,0.0205338295688,0.0198570155105,20.82450015,24.35249993,-1.0,-5036004.0
2012-10-18,18.98,-0.0452715817541,0.0220678378481,20.64400015,24.25389993,-1.0,-4531482.0
2012-10-19,19.0,0.00105374077977,0.0190934078899,20.4510001,24.16199992,-1.0,-5237410.0
2012-10-22,19.32,0.0168421052632,0.0199226302999,20.37750005,24.05919992,-1.0,-5019418.0
2012-10-23,19.5,0.00931677018634,0.0203947113472,20.3385,23.97699993,-1.0,-4903232.0
2012-10-24,23.23,0.191282051282,0.0633821377862,20.46899995,23.94029993,-1.0,-1577732.0
2012-10-25,22.559999,-0.028842057684,0.0650781386114,20.5809999,23.90719991,-1.0,-1536614.0
2012-10-26,21.940001,-0.0274821820692,0.065988223852,20.59499995,23.85849993,-1.0,-1515422.0
2012-10-31,21.110001,-0.0378304449485,0.0679070959028,20.551,23.80649995,-1.0,-1472600.0
2012-11-01,21.209999,0.00473699645964,0.0678098611252,20.49799995,23.74759994,-1.0,-1474712.0
2012-11-02,21.18,-0.00141438007611,0.0678018331135,20.46549995,23.68929994,-1.0,-1474886.0
2012-11-05,21.25,0.00330500472144,0.0652335809496,20.4304999,23.62779994,-1.0,-1532953.0
2012-11-06,21.17,-0.00376470588235,0.0653501115635,20.4434999,23.56679994,-1.0,-1530219.0
2012-11-07,20.469999,-0.033065706188,0.0668792484465,20.44699985,23.48859992,-1.0,-1495232.0
2012-11-08,19.99,-0.023448901976,0.0675860065342,20.43499985,23.38839992,-1.0,-1479596.0
2012-11-09,19.209999,-0.0390195597799,0.0174583241731,20.41349985,23.26639991,-1.0,-5727927.0
2012-11-12,20.07,0.0447684042045,0.0260855476575,20.42949985,23.14799991,-1.0,-3833540.0
2012-11-13,19.860001,-0.0104633283508,0.0254617544638,20.4464999,23.03059992,-1.0,-3927459.0
2012-11-14,22.360001,0.125881161839,0.0479805336564,20.58849995,22.93579993,-1.0,-2084179.0
2012-11-15,22.17,-0.00849736097955,0.0482241746255,20.72299995,22.82699994,-1.0,-2073649.0
2012-11-16,23.559999,0.0626972936401,0.0513723382945,20.90699995,22.74199992,-1.0,-1946573.0
2012-11-19,22.92,-0.0271646446165,0.0528180141462,21.10399995,22.64019994,-1.0,-1893293.0
2012-11-20,23.1,0.00785340314136,0.0526385889911,21.30899995,22.54889994,-1.0,-1899747.0
2012-11-21,24.32,0.0528138528139,0.0518396227549,21.55899995,22.47849993,-1.0,-1929026.0
2012-11-23,24.0,-0.0131578947368,0.0510089041491,21.78399995,22.40749993,-1.0,-1960442.0
2012-11-26,25.940001,0.080833375,0.0497782808585,21.9195,22.35919994,-1.0,-2008908.0
2012-11-27,26.15,0.00809556638028,0.0500469347313,22.09900005,22.30869993,-1.0,-1998124.0
2012-11-28,26.360001,0.00803063097514,0.048798345707,22.32000005,22.25759995,1.0,2049250.0
2012-11-29,27.32,0.0364187770706,0.0356407641178,22.6305,22.21349995,1.0,2805776.0
2012-11-30,28.0,0.0248901903367,0.0341236513246,22.97000005,22.17179997,1.0,2930519.0
2012-12-03,27.040001,-0.0342856785714,0.0356906500766,23.2630001,22.12749999,1.0,2801854.0
2012-12-04,27.459999,0.0155324698398,0.032579754532,23.57350005,22.09239999,1.0,3069391.0
2012-12-05,27.709999,0.00910415182462,0.0325358480467,23.9005,22.06139999,1.0,3073533.0
2012-12-06,26.969999,-0.0267051615556,0.0330203025285,24.2255,22.02389999,1.0,3028440.0
2012-12-07,27.49,0.0192807200327,0.0319737243598,24.6005,22.01629999,1.0,3127568.0
2012-12-10,27.84,0.01273190251,0.0218283079755,25.03200005,22.01379999,1.0,4581207.0
2012-12-11,27.98,0.00502873563218,0.0218375767492,25.42750005,22.00249998,1.0,4579263.0
2012-12-12,27.58,-0.0142959256612,0.0228391572983,25.8135,21.98829998,1.0,4378445.0
2012-12-13,28.24,0.0239303843365,0.021198856496,26.10749995,21.98309998,1.0,4717236.0
2012-12-14,26.809999,-0.0506374291785,0.0257133810705,26.3394999,21.96369997,1.0,3889026.0
2012-12-17,26.75,-0.00223793369034,0.0234184229082,26.49899995,21.94669996,1.0,4270142.0
2012-12-18,27.709999,0.0358878130841,0.025765407985,26.7384999,21.93039995,1.0,3881173.0
2012-12-19,27.41,-0.0108263807588,0.0258574933474,26.9539999,21.93599995,1.0,3867351.0
2012-12-20,27.360001,-0.00182411528639,0.0242321515881,27.10599995,21.97249997,1.0,4126749.0
2012-12-21,26.26,-0.0402047134428,0.0266214105827,27.21899995,22.00359997,1.0,3756375.0
2012-12-24,26.93,0.0255140898705,0.0278075515655,27.2684999,22.05579998,1.0,3596145.0
2012-12-26,26.51,-0.0155959896027,0.0279133174958,27.2864999,22.11209999,1.0,3582519.0
2012-12-27,26.049999,-0.0173519803848,0.0280424787053,27.2709998,22.17219997,1.0,3566019.0
2012-12-28,25.91,-0.00537424204892,0.0261089813477,27.2004998,22.22039997,1.0,3830100.0
2012-12-31,26.620001,0.0274025858742,0.0235769507341,27.13149985,22.26739998,1.0,4241431.0
2013-01-02,28.0,0.051840681749,0.0287570698158,27.1794998,22.34019999,1.0,3477406.0
2013-01-03,27.77,-0.00821428571429,0.0267998502084,27.19499985,22.4107,1.0,3731364.0
2013-01-04,28.76,0.035649981995,0.0285811088068,27.2474999,22.4882,1.0,3498815.0
2013-01-07,29.42,0.0229485396384,0.0289770115736,27.36999995,22.56430001,1.0,3451011.0
2013-01-08,29.059999,-0.0122366077498,0.0249077084546,27.4484999,22.6389,1.0,4014821.0
2013-01-09,30.59,0.0526497265193,0.0280145836587,27.5859999,22.74100001,1.0,3569569.0
2013-01-10,31.299999,0.0232101667212,0.026216916093,27.75199985,22.84199999,1.0,3814331.0
2013-01-11,31.719999,0.0134185307801,0.0233827997042,27.9589998,22.96049997,1.0,4276648.0
2013-01-14,30.950001,-0.024274843136,0.0262601932605,28.09449985,23.07949999,1.0,3808045.0
2013-01-15,30.1,-0.0274636824729,0.0296463638642,28.2589999,23.18039999,1.0,3373095.0
2013-01-16,29.85,-0.00830564784053,0.0267996727777,28.4139999,23.28729999,1.0,3731389.0
2013-01-17,30.139999,0.00971520938023,0.026282951086,28.5354999,23.39429997,1.0,3804748.0
2013-01-18,29.66,-0.0159256475091,0.0254161796641,28.6479999,23.49649996,1.0,3934502.0
2013-01-22,30.73,0.0360755225893,0.0268387077035,28.81649985,23.60969996,1.0,3725962.0
2013-01-23,30.82,0.00292873413602,0.0261970150537,29.04449985,23.72639996,1.0,3817229.0
2013-01-24,31.08,0.00843608046723,0.0206256014054,29.25199985,23.84379996,1.0,4848343.0
2013-01-25,31.540001,0.0148005469755,0.0198101365355,29.5034999,23.96819997,1.0,5047921.0
2013-01-28,32.470001,0.0294863655838,0.0215131016312,29.8245,24.10199998,1.0,4648330.0
2013-01-29,30.790001,-0.0517400661614,0.0264943952215,30.06850005,24.2293,1.0,3774383.0
2013-01-30,31.24,0.0146151018313,0.0249813949675,30.2995,24.3644,1.0,4002979.0
2013-01-31,30.98,-0.00832266325224,0.024982327478,30.4485,24.4884,1.0,4002830.0
2013-02-01,29.73,-0.0403486120077,0.0284824313237,30.5465,24.59610001,1.0,3510936.0
2013-02-04,28.110001,-0.0544903800875,0.0329831663417,30.51400005,24.68740002,1.0,3031850.0
2013-02-05,28.639999,0.0188544283581,0.0309984655359,30.475,24.78570002,1.0,3225966.0
2013-02-06,29.049999,0.0143156429579,0.031589986107,30.4745,24.88190001,1.0,3165560.0
2013-02-07,28.65,-0.0137693292175,0.0312852427327,30.3775,24.95910001,1.0,3196395.0
2013-02-08,28.549999,-0.00349043630017,0.0303468002813,30.24,25.03750001,1.0,3295240.0
2013-02-11,28.26,-0.0101575835432,0.0271058800655,30.06700005,25.10010001,1.0,3689236.0
2013-02-12,27.370001,-0.0314932413305,0.024565404467,29.88800005,25.15860002,1.0,4070765.0
2013-02-13,27.91,0.0197295937256,0.0252125978106,29.77850005,25.21900001,1.0,3966271.0
2013-02-14,28.5,0.0211393765675,0.0271930761575,29.71100005,25.2711,1.0,3677407.0
2013-02-15,28.32,-0.00631578947368,0.0247066811956,29.6200001,25.3284,1.0,4047488.0
2013-02-19,28.93,0.0215395480226,0.0185743287595,29.5835001,25.38909999,1.0,5383775.0
2013-02-20,28.459999,-0.0162461458693,0.018569299496,29.47000005,25.46579997,1.0,5385233.0
2013-02-21,27.280001,-0.0414616318152,0.0217394128242,29.2930001,25.53579997,1.0,4599940.0
2013-02-22,27.129999,-0.00549860683656,0.021569877521,29.09550005,25.60089995,1.0,4636095.0
2013-02-25,27.27,0.00516037615777,0.0218192288398,28.882,25.67039995,1.0,4583113.0
2013-02-26,27.389999,0.00440040337367,0.0218750488732,28.6279999,25.72769994,1.0,4571418.0
2013-02-27,26.870001,-0.018984958707,0.0203641350646,28.4319999,25.77649995,1.0,4910594.0
2013-02-28,27.25,0.0141421282418,0.0197805235344,28.2324999,25.82629995,1.0,5055478.0
2013-03-01,27.780001,0.0194495779817,0.019564911453,28.07249995,25.88579996,1.0,5111191.0
2013-03-04,27.719999,-0.00215989913031,0.019516133652,27.9719999,25.94349994,1.0,5123966.0
2013-03-05,27.52,-0.00721497140025,0.0177020980555,27.94249985,26.00959994,1.0,5649048.0
2013-03-06,27.450001,-0.00254356831395,0.0172456547623,27.88299995,26.08009995,1.0,5798562.0
2013-03-07,28.58,0.0411657179903,0.016809894834,27.8595,26.16359995,1.0,5948877.0
2013-03-08,27.959999,-0.0216935269419,0.0185965939933,27.82499995,26.24679995,1.0,5377329.0
2013-03-11,28.139999,0.00643776847059,0.0186161455534,27.80449995,26.33069994,1.0,5371681.0
2013-03-12,27.83,-0.0110163116921,0.0191457049546,27.78299995,26.41379994,1.0,5223104.0
2013-03-13,27.08,-0.0269493352497,0.0202389144203,27.7684999,26.48939994,1.0,4940976.0
2013-03-14,27.040001,-0.00147706794682,0.0197043500425,27.72499995,26.56499995,1.0,5075021.0
2013-03-15,26.65,-0.0144231133719,0.0187637318909,27.63249995,26.63269996,1.0,5329430.0
2013-03-18,26.49,-0.00600375234522,0.0187615057154,27.54099995,26.70779996,1.0,5330063.0
2013-03-19,26.549999,0.00226496791242,0.0188412175681,27.4219999,26.78329995,1.0,5307513.0
2013-03-20,25.860001,-0.0259886262143,0.0201338625117,27.292,26.84869996,1.0,4966757.0
2013-03-21,25.74,-0.00464040972002,0.0117236663558,27.21499995,26.91109996,1.0,8529755.0
2013-03-22,25.73,-0.0003885003885,0.0113632912602,27.145,26.93609996,1.0,8800267.0
2013-03-25,25.129999,-0.0233191216479,0.0109888756815,27.03799995,26.96179996,1.0,9100112.0
2013-03-26,25.209999,0.00318344620706,0.0118945280658,26.92899995,26.99449994,-1.0,-8407227.0
2013-03-27,26.09,0.0349068240741,0.0169708978035,26.8899999,27.04429993,-1.0,-5892440.0
2013-03-28,25.58,-0.0195477194327,0.017668819894,26.8064999,27.08799994,-1.0,-5659688.0
2013-04-01,25.530001,-0.00195461297889,0.0173988595542,26.6939999,27.13149995,-1.0,-5747503.0
2013-04-02,25.42,-0.0043086954834,0.0173870323731,26.57899995,27.17319995,-1.0,-5751413.0
2013-04-03,26.25,0.0326514555468,0.0208999314277,26.51549995,27.22399995,-1.0,-4784705.0
2013-04-04,27.07,0.0312380952381,0.0211130259712,26.4964999,27.28999996,-1.0,-4736412.0
2013-04-05,27.389999,0.0118211673439,0.0209377543212,26.43699985,27.36399995,-1.0,-4776061.0
2013-04-08,26.85,-0.0197151887446,0.0224726119608,26.3814999,27.44039996,-1.0,-4449861.0
2013-04-09,26.59,-0.0096834264432,0.0209601695852,26.30399995,27.50559996,-1.0,-4770954.0
2013-04-10,27.57,0.0368559608876,0.0230800984326,26.29099995,27.58269995,-1.0,-4332737.0
2013-04-11,28.02,0.0163220892274,0.0214749035974,26.33799995,27.63929994,-1.0,-4656598.0
2013-04-12,27.4,-0.0221270521056,0.0218463822578,26.3559999,27.69159994,-1.0,-4577417.0
2013-04-15,26.52,-0.0321167883212,0.0250798204392,26.3494999,27.72119995,-1.0,-3987269.0
2013-04-16,26.92,0.0150829562594,0.0251076217588,26.3709999,27.76119995,-1.0,-3982854.0
2013-04-17,26.629999,-0.0107726968796,0.0237085339871,26.3749999,27.79649994,-1.0,-4217890.0
2013-04-18,25.690001,-0.0352984617085,0.0238310357099,26.3664999,27.81019995,-1.0,-4196209.0
2013-04-19,25.73,0.00155698709393,0.0232415528947,26.3659999,27.82749995,-1.0,-4302638.0
2013-04-22,25.969999,0.00932759424796,0.0231502391504,26.37799985,27.82779993,-1.0,-4319610.0
2013-04-23,25.98,0.000385098205048,0.0230501209928,26.4204999,27.82609993,-1.0,-4338372.0
2013-04-24,26.110001,0.00500388760585,0.0188991169349,26.4655,27.82359993,-1.0,-5291253.0
2013-04-25,26.139999,0.00114890842019,0.01753328314,26.46799995,27.81179992,-1.0,-5703438.0
2013-04-26,26.85,0.0271614777032,0.0195516252599,26.53149995,27.80029992,-1.0,-5114664.0
2013-04-29,26.98,0.0048417132216,0.0164406590218,26.6039999,27.79969991,-1.0,-6082481.0
2013-04-30,27.77,0.029280948851,0.0182270328006,26.7214999,27.80279992,-1.0,-5486357.0
2013-05-01,27.43,-0.0122434281599,0.0183583355269,26.7804999,27.79999993,-1.0,-5447117.0
2013-05-02,28.969999,0.056142872767,0.0198135658663,26.87549985,27.81999993,-1.0,-5047047.0
2013-05-03,28.309999,-0.0227821892572,0.0225767506323,26.92149985,27.82819992,-1.0,-4429335.0
2013-05-06,27.57,-0.0261391390371,0.0252869965496,26.95749985,27.82549992,-1.0,-3954602.0
2013-05-07,26.889999,-0.0246645266594,0.0271107932504,26.9724998,27.81459991,-1.0,-3688568.0
2013-05-08,27.120001,0.00855344025859,0.0271518753539,26.94999985,27.80999992,-1.0,-3682987.0
2013-05-09,27.040001,-0.0029498523986,0.0272326937912,26.9009999,27.79799993,-1.0,-3672057.0
2013-05-10,26.68,-0.0133136459573,0.0263552773921,26.8649999,27.79669994,-1.0,-3794306.0
2013-05-13,26.82,0.00524737631184,0.026364428361,26.8799999,27.79739994,-1.0,-3792990.0
2013-05-14,27.07,0.00932140193885,0.0245718325513,26.8874999,27.79099995,-1.0,-4069701.0
2013-05-15,26.6,-0.0173623937939,0.0248540954959,26.88599995,27.78289995,-1.0,-4023482.0
2013-05-16,26.129999,-0.0176692105263,0.0139933748721,26.90799985,27.77059993,-1.0,-7146239.0
2013-05-17,26.25,0.00459246094881,0.0139306945004,26.93399985,27.77049993,-1.0,-7178393.0
2013-05-20,25.76,-0.0186666666667,0.0129843962925,26.9234999,27.75879993,-1.0,-7701552.0
2013-05-21,25.66,-0.00388198757764,0.0113480744331,26.9074999,27.75029993,-1.0,-8812068.0
2013-05-22,25.16,-0.0194855806703,0.0111963989782,26.85999985,27.74139994,-1.0,-8931443.0
2013-05-23,25.059999,-0.00397460254372,0.0111555876469,26.80599985,27.73289993,-1.0,-8964118.0
2013-05-24,24.309999,-0.0299281735805,0.013169846208,26.6789998,27.70979991,-1.0,-7593103.0
2013-05-28,24.1,-0.00863837962313,0.0121739517056,26.5349998,27.67079991,-1.0,-8214260.0
2013-05-29,23.32,-0.0323651452282,0.0117354487865,26.3124998,27.62629991,-1.0,-8521191.0
2013-05-30,24.549999,0.0527443825043,0.0242555167245,26.16849975,27.5841999,-1.0,-4122773.0
2013-05-31,24.35,-0.00814659910984,0.0240074915469,25.9374998,27.5334999,-1.0,-4165366.0
2013-06-03,23.85,-0.0205338809035,0.0240004391582,25.71449985,27.48139991,-1.0,-4166590.0
2013-06-04,23.52,-0.0138364779874,0.0238387701424,25.51199985,27.41069991,-1.0,-4194847.0
2013-06-05,22.9,-0.0263605442177,0.0243767447722,25.3124999,27.32669992,-1.0,-4102270.0
2013-06-06,22.969999,0.00305672489083,0.0245519155188,25.1049998,27.23919992,-1.0,-4073002.0
2013-06-07,23.290001,0.0139313023044,0.0255744502109,24.9174998,27.16259992,-1.0,-3910152.0
2013-06-10,24.33,0.0446543132394,0.0288171056122,24.7999998,27.10489992,-1.0,-3470161.0
2013-06-11,24.030001,-0.0123304151254,0.0289697383156,24.66049985,27.04669993,-1.0,-3451878.0
2013-06-12,23.77,-0.010819849737,0.0270243759902,24.49549985,26.98299994,-1.0,-3700363.0
2013-06-13,23.73,-0.00168279343711,0.0203875484977,24.35199985,26.92369994,-1.0,-4904955.0
2013-06-14,23.629999,-0.00421411715129,0.0203194925789,24.22699985,26.85269993,-1.0,-4921383.0
2013-06-17,24.02,0.0165044865216,0.0201050853531,24.11549985,26.78469993,-1.0,-4973866.0
2013-06-18,24.209999,0.00791003330558,0.0195022486345,24.0379998,26.71599992,-1.0,-5127614.0
2013-06-19,24.309999,0.00413052474723,0.0165507526478,23.97049975,26.6436999,-1.0,-6042021.0
2013-06-20,23.9,-0.0168654470122,0.0180873384641,23.90749975,26.55799989,-1.0,-5528729.0
2013-06-21,24.530001,0.026359874477,0.0192273673623,23.88099985,26.49539989,-1.0,-5200920.0
2013-06-24,23.940001,-0.0240521800223,0.0155522075597,23.86249995,26.4223999,-1.0,-6429955.0
2013-06-25,24.25,0.0129489969528,0.0156514605533,23.86999995,26.3550999,-1.0,-6389180.0
2013-06-26,24.16,-0.00371134020619,0.0152090493557,23.91199995,26.2993999,-1.0,-6575033.0
2013-06-27,24.66,0.0206953642384,0.0162606233301,23.9175,26.26489989,-1.0,-6149826.0
2013-06-28,24.879999,0.00892128953771,0.0160552385581,23.94399995,26.22729989,-1.0,-6228497.0
2013-07-01,24.809999,-0.00281350493623,0.0157137383168,23.9919999,26.18489989,-1.0,-6363858.0
2013-07-02,24.41,-0.0161224915809,0.016743275377,24.0364999,26.14249989,-1.0,-5972547.0
2013-07-03,24.52,0.00450634985662,0.0167516296565,24.1174999,26.1021999,-1.0,-5969568.0
2013-07-05,24.370001,-0.00611741435563,0.0157965232575,24.1875,26.06329991,-1.0,-6330507.0
2013-07-08,24.709999,0.0139514971706,0.0140686232128,24.2584999,26.03669989,-1.0,-7108016.0
2013-07-09,25.48,0.0311615148184,0.014056986759,24.3159999,26.01239989,-1.0,-7113900.0
2013-07-10,25.799999,0.0125588304553,0.0140371382817,24.4044998,25.98539988,-1.0,-7123959.0
2013-07-11,25.809999,0.000387596914248,0.013769515596,24.50649975,25.96029987,-1.0,-7262420.0
2013-07-12,25.91,0.00387450615554,0.0128696421109,24.61549975,25.93009987,-1.0,-7770224.0
2013-07-15,26.280001,0.0142802392898,0.0131579861264,24.74799985,25.90829989,-1.0,-7599947.0
2013-07-16,26.32,0.00152203190555,0.0129204622382,24.86299985,25.89869988,-1.0,-7739661.0
2013-07-17,26.65,0.012537993921,0.0104010054904,24.9849999,25.89389989,-1.0,-9614455.0
2013-07-18,26.18,-0.0176360225141,0.0133664769396,25.07849995,25.88299989,-1.0,-7481403.0
2013-07-19,25.879999,-0.0114591673033,0.014024059423,25.1774999,25.86789989,-1.0,-7130603.0
2013-07-22,26.049999,0.00656877923372,0.0137576476109,25.2534998,25.85969987,-1.0,-7268685.0
2013-07-23,26.129999,0.00307101739236,0.0103557409148,25.3629997,25.84849986,-1.0,-9656480.0
2013-07-24,26.51,0.0145427100858,0.0105848187969,25.4759997,25.83579985,-1.0,-9447493.0
2013-07-25,34.360001,0.29611471143,0.0932791192749,25.98599975,25.90219987,1.0,1072051.0
2013-07-26,34.009998,-0.010186350111,0.0938600787364,26.45349965,25.96709985,1.0,1065416.0
2013-07-29,35.43,0.0417524870187,0.0937203649753,26.9809997,26.04689984,1.0,1067004.0
2013-07-30,37.630001,0.062094298617,0.0933675873364,27.6219998,26.13739985,1.0,1071035.0
2013-07-31,36.799999,-0.0220569220819,0.0951120918094,28.24149975,26.22579985,1.0,1051391.0
2013-08-01,37.490002,0.0187500820313,0.0935026532163,28.88999985,26.31929988,1.0,1069488.0
2013-08-02,38.049999,0.0149372357996,0.0922553233589,29.57399975,26.42149987,1.0,1083948.0
2013-08-05,39.189999,0.029960578974,0.0915351285998,30.29799975,26.54259986,1.0,1092477.0
2013-08-06,38.549999,-0.016330697023,0.0927181700624,30.9514997,26.65769984,1.0,1078537.0
2013-08-07,38.869999,0.00830090812713,0.0929514320708,31.6049997,26.77989983,1.0,1075831.0
2013-08-08,38.540001,-0.00848978668613,0.027201946168,32.2414998,26.90039984,1.0,3676208.0
2013-08-09,38.5,-0.00103790863939,0.0265229811411,32.8709998,27.01989985,1.0,3770315.0
2013-08-12,38.220001,-0.0072727012987,0.0250651657007,33.4679998,27.14349985,1.0,3989601.0
2013-08-13,37.02,-0.0313971995971,0.019393111729,34.0029998,27.25629985,1.0,5156470.0
2013-08-14,36.650002,-0.00999454349001,0.0183150758108,34.5029999,27.36549987,1.0,5459983.0
2013-08-15,36.560001,-0.00245568881551,0.017054023675,35.02199995,27.47979989,1.0,5863719.0
2013-08-16,37.080002,0.0142232217116,0.0169747843372,35.5820001,27.59849992,1.0,5891091.0
2013-08-19,37.810001,0.0196871348605,0.0149902011673,36.1700002,27.71569993,1.0,6671025.0
2013-08-20,38.41,0.0158687909053,0.0153756623554,36.78400025,27.84399993,1.0,6503785.0
2013-08-21,38.32,-0.00234313980734,0.0150830599937,37.37450025,27.97189992,1.0,6629954.0
2013-08-22,38.549999,0.00600206158664,0.0150138007931,37.58400015,28.10319991,1.0,6660539.0
2013-08-23,40.549999,0.0518806757946,0.0221752366622,37.9110002,28.2461999,1.0,4509535.0
2013-08-26,41.34,0.0194821459798,0.0220875395118,38.2065002,28.3888999,1.0,4527440.0
2013-08-27,39.639999,-0.0411224238026,0.0241384992664,38.3070001,28.5113999,1.0,4142760.0
2013-08-28,40.549999,0.0229566100645,0.0237887251871,38.4945001,28.64839989,1.0,4203672.0
2013-08-29,41.279999,0.0180024665352,0.023435661746,38.68399995,28.79529988,1.0,4267001.0
2013-08-30,41.290001,0.000242296517498,0.0237341616274,38.84600005,28.93249989,1.0,4213336.0
2013-09-03,41.869999,0.014046935964,0.0235729856395,38.98000005,29.07099988,1.0,4242144.0
2013-09-04,41.779999,-0.00214951044064,0.0238046454829,39.14150005,29.21479987,1.0,4200861.0
2013-09-05,42.66,0.0210627338694,0.0237488289463,39.3310001,29.37619987,1.0,4210734.0
2013-09-06,43.950001,0.0302391233005,0.0244052010205,39.6015001,29.54649988,1.0,4097487.0
2013-09-09,44.040001,0.00204778152337,0.0204577949402,39.87850015,29.7205999,1.0,4888112.0
2013-09-10,43.599998,-0.0099909852409,0.020816670656,40.1475,29.89969987,1.0,4803842.0
2013-09-11,45.040001,0.0330275932581,0.0146413835506,40.54850005,30.09279988,1.0,6829956.0
2013-09-12,44.75,-0.0064387431963,0.0153428431722,40.95349995,30.28059989,1.0,6517697.0
2013-09-13,44.310001,-0.00983237988827,0.0162307348927,41.34099995,30.4638999,1.0,6161150.0
2013-09-16,42.509998,-0.0406229510128,0.0222227156629,41.61249975,30.62789987,1.0,4499900.0
2013-09-17,45.07,0.0602211743223,0.0286178480898,41.9754997,30.81719988,1.0,3494323.0
2013-09-18,45.23,0.00355003328156,0.028454933627,42.3164997,31.00099988,1.0,3514329.0
2013-09-19,45.98,0.0165819146584,0.0282667457188,42.6994997,31.19099988,1.0,3537726.0
2013-09-20,47.490002,0.0328404088734,0.0285063428463,43.14649985,31.3881999,1.0,3507991.0
2013-09-23,47.189999,-0.00631718229871,0.0288258659883,43.47849985,31.58579989,1.0,3469107.0
2013-09-24,48.450001,0.0267006151028,0.028715103893,43.8339999,31.78059991,1.0,3482488.0
2013-09-25,49.459999,0.0208461915202,0.0279229164105,44.3249999,31.99209991,1.0,3581288.0
2013-09-26,50.389999,0.0188030735706,0.02743320036,44.8169999,32.2202999,1.0,3645218.0
2013-09-27,51.240002,0.0168684861454,0.0263189475116,45.31500005,32.46379993,1.0,3799544.0
2013-09-30,50.23,-0.0197112014164,0.0218673194706,45.762,32.69489992,1.0,4573034.0
2013-10-01,50.419998,0.00378256022297,0.0159723547028,46.18949995,32.92869989,1.0,6260818.0
2013-10-02,50.279999,-0.00277665619899,0.0164361668137,46.61449995,33.16469988,1.0,6084144.0
2013-10-03,49.18,-0.0218774666245,0.0191916226594,46.94049995,33.38829988,1.0,5210607.0
2013-10-04,51.040001,0.0378202724685,0.0199871785745,47.29499995,33.62799989,1.0,5003207.0
2013-10-07,50.52,-0.0101881071672,0.0203174122301,47.6189999,33.86719989,1.0,4921887.0
2013-10-08,47.139999,-0.066904216152,0.0296605246683,47.79599995,34.07729989,1.0,3371485.0
2013-10-09,46.77,-0.00784893949616,0.0285355326033,47.8824999,34.28249989,1.0,3504403.0
2013-10-10,49.049999,0.0487491768227,0.0326145360204,48.09749985,34.51539988,1.0,3066118.0
2013-10-11,49.110001,0.00122328238987,0.0319665393,48.33749985,34.74989989,1.0,3128271.0
2013-10-14,49.509998,0.00814491940247,0.0316353496385,48.68749985,34.99339987,1.0,3161021.0
2013-10-15,49.5,-0.000201939010379,0.0315936596838,48.90899985,35.23779988,1.0,3165192.0
2013-10-16,51.139999,0.0331312929293,0.0334065914172,49.2044998,35.50609988,1.0,2993421.0
2013-10-17,52.209999,0.0209229569989,0.0327129383198,49.51599975,35.78719987,1.0,3056894.0
2013-10-18,54.220001,0.0384984110036,0.0327857360148,49.8524997,36.09619988,1.0,3050107.0
2013-10-21,53.849998,-0.00682410537027,0.0326116767261,50.18549965,36.38919987,1.0,3066386.0
2013-10-22,52.68,-0.0217269831653,0.0229516957712,50.3969996,36.67249987,1.0,4356977.0
2013-10-23,51.900002,-0.014806340167,0.0236937118271,50.51899975,36.95299989,1.0,4220529.0
2013-10-24,52.450001,0.0105972828286,0.0196074993639,50.62199985,37.2422999,1.0,5100089.0
2013-10-25,51.950001,-0.00953288828345,0.0202381454381,50.6574998,37.53279991,1.0,4941164.0
2013-10-28,50.23,-0.0331087770335,0.0236317159112,50.6574998,37.80539992,1.0,4231601.0
2013-10-29,49.400002,-0.0165239498308,0.0243306148435,50.6065,38.06649993,1.0,4110048.0
2013-10-30,49.009998,-0.00789481749414,0.021419836651,50.54299995,38.31329991,1.0,4668570.0
2013-10-31,50.209999,0.0244848204238,0.0219051783019,50.5944999,38.57509989,1.0,4565131.0
2013-11-01,49.75,-0.00916150187535,0.0161316022302,50.52999985,38.83489989,1.0,6199012.0
2013-11-04,48.220001,-0.0307537487437,0.0175740380476,50.4149999,39.0797999,1.0,5690212.0
2013-11-05,50.110001,0.0391953538118,0.0230791060797,50.5635,39.34459992,1.0,4332923.0
2013-11-06,49.119999,-0.0197565751396,0.0233700153408,50.68099995,39.59559991,1.0,4278987.0
2013-11-07,47.560001,-0.0317589175847,0.0240092181582,50.60650005,39.82909993,1.0,4165067.0
2013-11-08,47.529999,-0.000630824208772,0.0241715697033,50.52749995,40.06129993,1.0,4137092.0
2013-11-11,46.200001,-0.0279822854614,0.0236423687892,50.3620001,40.28429994,1.0,4229695.0
2013-11-12,46.610001,0.00887445868237,0.0239958577778,50.21750015,40.50509994,1.0,4167386.0
2013-11-13,48.709999,0.045054665414,0.0287826180244,50.09600015,40.75279992,1.0,3474319.0
2013-11-14,48.990002,0.00574836800962,0.0275786970085,49.9350003,41.00019994,1.0,3625987.0
2013-11-15,49.009998,0.000408164914955,0.0274729286644,49.67450015,41.24869992,1.0,3639947.0
2013-11-18,45.830002,-0.0648846384364,0.0331015188498,49.27350035,41.46039994,1.0,3021009.0
2013-11-19,46.360001,0.0115644550921,0.0300551061166,48.9575004,41.67519996,1.0,3327222.0
2013-11-20,46.43,0.00150990074396,0.0298301691321,48.6840003,41.89139997,1.0,3352311.0
2013-11-21,46.700001,0.00581522722378,0.0284488912794,48.3965003,42.11429998,1.0,3515075.0
2013-11-22,46.23,-0.0100642610265,0.0285747513661,48.11050025,42.33139998,1.0,3499593.0
2013-11-25,44.82,-0.0304996755354,0.0288351148428,47.84000025,42.53589997,1.0,3467994.0
2013-11-26,45.889999,0.0238732485498,0.0298724470581,47.6645001,42.74769997,1.0,3347566.0
2013-11-27,46.490002,0.0130748096116,0.02581264469,47.5385003,42.95779999,1.0,3874070.0
2013-11-29,47.009998,0.0111851145973,0.0261044716871,47.37850025,43.16989998,1.0,3830761.0
2013-12-02,47.060001,0.00106366735008,0.0261170377188,47.2440003,43.3824,1.0,3828918.0
2013-12-03,46.73,-0.00701234579234,0.0151861781917,47.16950025,43.5906,1.0,6584935.0
2013-12-04,48.619999,0.040445088808,0.0193671267487,47.09500015,43.81399998,1.0,5163389.0
2013-12-05,48.34,-0.0057589264862,0.0196445492495,47.0560002,44.03419998,1.0,5090471.0
2013-12-06,47.939999,-0.00827474141498,0.0200185357896,47.0750001,44.24709997,1.0,4995370.0
2013-12-09,48.84,0.0187734880846,0.0200360593552,47.14050015,44.47369997,1.0,4991001.0
2013-12-10,50.25,0.0288697788698,0.0166282518656,47.3430001,44.71739998,1.0,6013861.0
2013-12-11,49.380001,-0.0173134129353,0.018276207281,47.4815001,44.9507,1.0,5471595.0
2013-12-12,51.830002,0.0496152480839,0.022644325269,47.63750025,45.20770003,1.0,4416117.0
2013-12-13,53.32,0.0287477897454,0.0233176111191,47.85400015,45.47580003,1.0,4288604.0
2013-12-16,53.810001,0.00918981620405,0.0229980898165,48.0940003,45.67030003,1.0,4348187.0
2013-12-17,54.860001,0.0195131012913,0.0218406992055,48.54550025,45.87880006,1.0,4578608.0
2013-12-18,55.57,0.0129420158049,0.0201390565277,49.0060002,46.08020006,1.0,4965476.0
2013-12-19,55.049999,-0.00935758502789,0.0205519421448,49.43700015,46.25440004,1.0,4865720.0
2013-12-20,55.119999,0.00127157132192,0.0196415196127,49.85800005,46.43760004,1.0,5091256.0
2013-12-23,57.77,0.0480769420914,0.022389206268,50.43500005,46.64040002,1.0,4466438.0
2013-12-24,57.959999,0.00328888696555,0.0223634394056,51.092,46.83950002,1.0,4471584.0
2013-12-26,57.73,-0.00396823678344,0.0205742107065,51.68400005,47.02490003,1.0,4860454.0
2013-12-27,55.439999,-0.0396674346094,0.0234976865514,52.1314999,47.19380003,1.0,4255738.0
2013-12-30,53.709999,-0.0312049067678,0.0249375430383,52.46649995,47.34220003,1.0,4010018.0
2013-12-31,54.650002,0.0175014525694,0.025375198026,52.846,47.50330004,1.0,3940856.0
2014-01-02,54.709999,0.00109784076495,0.024606662917,53.24499995,47.66540003,1.0,4063940.0
2014-01-03,54.560001,-0.00274169261089,0.0241862057848,53.54200005,47.82880003,1.0,4134588.0
2014-01-06,57.200001,0.0483870958873,0.0286092634622,53.9850001,48.03060004,1.0,3495371.0
2014-01-07,57.919998,0.0125873599198,0.0287040125799,54.48400005,48.2433,1.0,3483833.0
2014-01-08,58.23,0.00535224465995,0.024508348219,54.95350005,48.45999999,1.0,4080242.0
2014-01-09,57.220001,-0.0173449939894,0.0251600806576,55.3020001,48.66139998,1.0,3974550.0
2014-01-10,57.939999,0.0125829777598,0.0254854287789,55.73,48.86269996,1.0,3923811.0
2014-01-13,55.91,-0.0350362277362,0.0247012909456,55.9339999,49.03769996,1.0,4048371.0
2014-01-14,57.740002,0.0327312108746,0.0236577714369,56.155,49.23189998,1.0,4226941.0
2014-01-15,57.599998,-0.00242473147126,0.0235618444987,56.34449985,49.42239997,1.0,4244150.0
2014-01-16,57.189999,-0.0071180384416,0.0238743108136,56.46099975,49.58879997,1.0,4188603.0
2014-01-17,56.299999,-0.0155621614891,0.0246498159366,56.4974997,49.73839996,1.0,4056825.0
2014-01-21,58.509998,0.0392539793828,0.0229059214451,56.67049965,49.92709995,1.0,4365683.0
2014-01-22,57.509998,-0.0170910961234,0.0233719551875,56.7899996,50.09669994,1.0,4278632.0
2014-01-23,56.630001,-0.0153016350305,0.0237108355263,56.73299965,50.25019996,1.0,4217481.0
2014-01-24,54.450001,-0.0384954964066,0.0260108666841,56.55749975,50.38179996,1.0,3844547.0
2014-01-27,53.549999,-0.0165289620472,0.0254922563051,56.3484997,50.49859996,1.0,3922760.0
2014-01-28,55.139999,0.0296918773052,0.0259532383285,56.3334997,50.63219996,1.0,3853084.0
2014-01-29,53.529999,-0.0291984045919,0.0243253323784,56.3244997,50.74089995,1.0,4110941.0
2014-01-30,61.080002,0.141042464806,0.0529595921588,56.6459997,50.91219996,1.0,1888232.0
2014-01-31,62.57,0.0243942035234,0.0529591437537,57.03899975,51.09749995,1.0,1888248.0
2014-02-03,61.48,-0.0174204890523,0.0530628258478,57.3849997,51.27629997,1.0,1884559.0
2014-02-04,62.75,0.0206571242681,0.0522445686852,57.66249965,51.45339996,1.0,1914075.0
2014-02-05,62.189999,-0.0089243187251,0.0518682055806,57.8759997,51.62779995,1.0,1927963.0
2014-02-06,62.16,-0.000482376595632,0.051305652271,58.0724997,51.80629994,1.0,1949103.0
2014-02-07,64.32,0.034749034749,0.048700083641,58.42749965,52.02439996,1.0,2053385.0
2014-02-10,63.549999,-0.0119714085821,0.0483633049765,58.70799965,52.20919995,1.0,2067683.0
2014-02-11,64.849998,0.0204563181818,0.0482085455679,59.15499955,52.40539993,1.0,2074321.0
2014-02-12,64.449997,-0.00616809579547,0.0462490762166,59.4904993,52.5900999,1.0,2162205.0
2014-02-13,67.330002,0.0446858826076,0.0216275813941,59.9769995,52.7884999,1.0,4623726.0
2014-02-14,67.089996,-0.00356462190511,0.0213652674252,60.47199935,52.98749987,1.0,4680494.0
2014-02-18,67.300003,0.0031302282385,0.0196535638776,61.02199955,53.17599989,1.0,5088136.0
2014-02-19,68.059998,0.0112926443703,0.0192693499887,61.49949955,53.36199988,1.0,5189589.0
2014-02-20,69.629997,0.0230678672662,0.0187365734929,62.1054995,53.55439986,1.0,5337155.0
2014-02-21,68.589996,-0.0149361057706,0.0202607914961,62.70349925,53.7278998,1.0,4935641.0
2014-02-24,70.779999,0.0319288982026,0.0198955102426,63.51999915,53.93339979,1.0,5026260.0
2014-02-25,69.849998,-0.0131393192023,0.0200403630799,64.3349991,54.12769979,1.0,4989930.0
2014-02-26,69.260002,-0.00844661441508,0.0203938576633,65.04099925,54.31749982,1.0,4903437.0
2014-02-27,68.940002,-0.00462027130753,0.0202902346079,65.8114994,54.51509984,1.0,4928479.0
2014-02-28,68.459999,-0.00696261946729,0.0156595813656,66.18049925,54.68929982,1.0,6385867.0
2014-03-03,67.410004,-0.0153373505016,0.0165242712502,66.42249945,54.85819986,1.0,6051704.0
2014-03-04,68.800003,0.0206200699825,0.0177054754775,66.7884996,55.0747999,1.0,5647970.0
2014-03-05,71.57,0.0402615825467,0.0213305781112,67.2294996,55.3227999,1.0,4688105.0
2014-03-06,70.839996,-0.0101998602767,0.0208301724774,67.66199945,55.54069987,1.0,4800728.0
2014-03-07,69.800003,-0.0146808732174,0.0208073719761,68.0439996,55.74759989,1.0,4805989.0
2014-03-10,72.029999,0.031948365389,0.0208104898894,68.42949955,55.9727999,1.0,4805269.0
2014-03-11,70.099998,-0.026794405481,0.0223045590517,68.7569995,56.17879988,1.0,4483388.0
2014-03-12,70.879997,0.0111269475357,0.0222833594558,69.05849945,56.37619986,1.0,4487654.0
2014-03-13,68.830002,-0.0289220525785,0.0243773115783,69.2774997,56.54239989,1.0,4102175.0
2014-03-14,67.720001,-0.0161267030037,0.0248404167563,69.29699965,56.67739989,1.0,4025697.0
2014-03-17,68.739998,0.0150619755602,0.0247249459143,69.37949975,56.82629989,1.0,4044498.0
2014-03-18,69.190002,0.00654646513083,0.0239502335253,69.4739997,56.99139991,1.0,4175325.0
2014-03-19,68.239998,-0.0137303652629,0.0197970715026,69.4829997,57.15479987,1.0,5051252.0
2014-03-20,66.970001,-0.018610742046,0.0202363000958,69.3499999,57.29999987,1.0,4941615.0
2014-03-21,67.239998,0.00403161110898,0.0201495916459,69.2825,57.45289984,1.0,4962880.0
2014-03-24,64.099998,-0.0466983952022,0.0201043452601,68.94849995,57.59159982,1.0,4974049.0
2014-03-25,64.889999,0.0123245089649,0.020578853428,68.7005,57.74649979,1.0,4859357.0
2014-03-26,60.389999,-0.0693481286693,0.0271662765702,68.25699985,57.8602998,1.0,3681034.0
2014-03-27,60.970001,0.00960427238954,0.0277835683129,67.8584998,57.96789982,1.0,3599250.0
2014-03-28,60.009998,-0.0157454975275,0.0277770722354,67.43599975,58.0704998,1.0,3600091.0
2014-03-31,60.240002,0.0038327613342,0.0267862402799,67.07749965,58.19069981,1.0,3733260.0
2014-04-01,62.619999,0.0395085810256,0.0311080814286,66.76849945,58.31579979,1.0,3214599.0
2014-04-02,62.720001,0.00159696585112,0.03125282506,66.3259995,58.45179981,1.0,3199711.0
2014-04-03,59.490002,-0.0514987077248,0.0341000189634,65.7584998,58.57109982,1.0,2932550.0
2014-04-04,56.75,-0.0460581931061,0.0352665518509,65.10599965,58.66329983,1.0,2835548.0
2014-04-07,56.950001,0.00352424669604,0.0340017472081,64.35199975,58.77079983,1.0,2941025.0
2014-04-08,58.189999,0.0217734500128,0.0348496401536,63.7564998,58.88659981,1.0,2869470.0
2014-04-09,62.41,0.0725210701585,0.0369459876497,63.33299995,59.02359982,1.0,2706654.0
2014-04-10,59.16,-0.0520749879827,0.040833004976,62.84949985,59.1252998,1.0,2448999.0
2014-04-11,58.529999,-0.0106491041244,0.040677526505,62.38999975,59.22049981,1.0,2458360.0
2014-04-14,58.889999,0.00615069205793,0.0407194711568,61.8974998,59.35109978,1.0,2455828.0
2014-04-15,59.09,0.00339617937504,0.038199837904,61.3924997,59.47839977,1.0,2617812.0
2014-04-16,59.720001,0.0106617194111,0.0384837501604,60.96649985,59.61129978,1.0,2598499.0
2014-04-17,58.939999,-0.0130609843761,0.0349992769828,60.56499975,59.73369976,1.0,2857202.0
2014-04-21,61.240002,0.039022786546,0.0329427453079,60.26499995,59.88379978,1.0,3035570.0
2014-04-22,63.029999,0.0292292119781,0.0335411671776,60.2115,60.06589977,1.0,2981411.0
2014-04-23,61.360001,-0.0264952883785,0.0352020845961,60.0350001,60.22059979,-1.0,-2840741.0
2014-04-24,60.869999,-0.00798569087377,0.0263611305696,60.0590001,60.36439976,-1.0,-3793464.0
2014-04-25,57.709999,-0.0519139157535,0.0263272840652,59.896,60.47139977,-1.0,-3798341.0
2014-04-28,56.139999,-0.027204990941,0.0274180859267,59.70250005,60.56219975,-1.0,-3647228.0
2014-04-29,58.150002,0.0358034028465,0.0300895618972,59.59800005,60.67639977,-1.0,-3323412.0
2014-04-30,59.779999,0.0280309018734,0.0314537747081,59.45600005,60.78799977,-1.0,-3179269.0
2014-05-01,61.150002,0.0229174142341,0.0320782776162,59.3775001,60.91609979,-1.0,-3117374.0
2014-05-02,60.459999,-0.011283777227,0.0319852175933,59.42599995,61.04129979,-1.0,-3126444.0
2014-05-05,61.220001,0.0125703276972,0.0296874444289,59.6495,61.1650998,-1.0,-3368427.0
2014-05-06,58.529999,-0.0439399208765,0.0307801663771,59.7284999,61.24789979,-1.0,-3248845.0
2014-05-07,57.389999,-0.0194771915168,0.0303621782246,59.6884999,61.32799977,-1.0,-3293571.0
2014-05-08,56.759998,-0.0109775398323,0.0303959218785,59.4059998,61.37729973,-1.0,-3289915.0
2014-05-09,57.240002,0.0084567303896,0.0260720494372,59.3099999,61.41649975,-1.0,-3835525.0
2014-05-12,59.830002,0.045248076686,0.0278369608046,59.37500005,61.47669976,-1.0,-3592346.0
2014-05-13,59.830002,0.0,0.0259192249835,59.4220002,61.52639977,-1.0,-3858140.0
2014-05-14,59.23,-0.010028446932,0.0246223915557,59.4290002,61.56299977,-1.0,-4061344.0
2014-05-15,57.919998,-0.0221172041195,0.0239416805353,59.33900005,61.59169976,-1.0,-4176816.0
2014-05-16,58.02,0.00172655392702,0.0239251166511,59.2930001,61.62069977,-1.0,-4179708.0
2014-05-19,59.209999,0.0205101516718,0.0246514546039,59.19149995,61.63509976,-1.0,-4056556.0
2014-05-20,58.560001,-0.0109778417662,0.0204181683132,58.96800005,61.64109978,-1.0,-4897599.0
2014-05-21,60.490002,0.0329576667869,0.0214973797109,58.9245001,61.6686998,-1.0,-4651730.0
2014-05-22,60.52,0.000495916664046,0.0208168380334,58.90700015,61.71949981,-1.0,-4803804.0
2014-05-23,61.349998,0.0137144415069,0.0209342478214,59.0890001,61.7958998,-1.0,-4776861.0
2014-05-27,63.48,0.0347188601375,0.0189787556091,59.45600015,61.88419978,-1.0,-5269049.0
2014-05-28,63.509998,0.000472558286074,0.0189624606938,59.72399995,61.97219977,-1.0,-5273577.0
2014-05-29,63.830002,0.00503863974299,0.0181139844837,59.9265001,62.06489978,-1.0,-5520597.0
2014-05-30,63.299999,-0.00830335239532,0.0159940227243,60.03399995,62.12589976,-1.0,-6252336.0
2014-06-02,63.080002,-0.00347546608966,0.0163390292194,60.1650001,62.1774998,-1.0,-6120315.0
2014-06-03,62.869999,-0.00332915335038,0.0161322707924,60.2475,62.22389979,-1.0,-6198755.0
2014-06-04,63.34,0.00747575962265,0.0149714003039,60.48800005,62.28509978,-1.0,-6679402.0
2014-06-05,63.189999,-0.0023681875592,0.0123623706142,60.77800005,62.33759978,-1.0,-8089063.0
2014-06-06,62.5,-0.0109194336275,0.0132617688246,61.06500015,62.40349978,-1.0,-7540472.0
2014-06-09,62.880001,0.006080016,0.0128077568751,61.3470001,62.45489977,-1.0,-7807768.0
2014-06-10,65.769997,0.0459604954523,0.0160332730997,61.64399985,62.53659976,-1.0,-6237030.0
2014-06-11,65.779999,0.000152075421259,0.0160406779401,61.9414997,62.62249976,-1.0,-6234150.0
2014-06-12,64.290001,-0.0226512317217,0.0180365037603,62.19449975,62.70239978,-1.0,-5544312.0
2014-06-13,64.5,0.00326643329808,0.0177520806625,62.52349985,62.7622998,-1.0,-5633142.0
2014-06-16,64.190002,-0.00480617054264,0.0178027600123,62.83199995,62.82909984,1.0,5617107.0
2014-06-17,64.400002,0.00327153752075,0.0177100365713,63.0915001,62.90679985,1.0,5646516.0
2014-06-18,65.599998,0.0186334776822,0.0183934185449,63.44349995,63.01829982,1.0,5436727.0
2014-06-19,64.339996,-0.0192073481466,0.0197291253226,63.63599965,63.12619979,1.0,5068648.0
2014-06-20,64.5,0.00248685125812,0.0192038426726,63.83499965,63.2197998,1.0,5207291.0
2014-06-23,65.370003,0.0134884186047,0.0194633539074,64.0359999,63.33819984,1.0,5137861.0
2014-06-24,65.720001,0.005354107143,0.012868956071,64.14799995,63.38459983,1.0,7770638.0
2014-06-25,67.440002,0.0261716520668,0.0153035302572,64.34450015,63.43329985,1.0,6534440.0
2014-06-26,67.129997,-0.00459675253272,0.0128639313358,64.5094999,63.48979982,1.0,7773673.0
2014-06-27,67.599998,0.00700135589161,0.0128813698886,64.72449985,63.5382998,1.0,7763149.0
2014-06-30,67.290001,-0.00458575457354,0.0128633206926,64.9349998,63.58929982,1.0,7774042.0
2014-07-01,68.059998,0.0114429631232,0.0130139755717,65.19449975,63.6482998,1.0,7684047.0
2014-07-02,66.449997,-0.0236556133898,0.0150297962279,65.3499996,63.66959977,1.0,6653450.0
2014-07-03,66.290001,-0.00240776534572,0.0133124964252,65.5049997,63.69699979,1.0,7511739.0
2014-07-07,65.290001,-0.0150852313307,0.0145043890419,65.64449975,63.70139982,1.0,6894465.0
2014-07-08,62.759998,-0.0387502368088,0.0184911472817,65.6384996,63.68449983,1.0,5407993.0
2014-07-09,64.970001,0.0352135607143,0.022193694582,65.5984998,63.66089982,1.0,4505784.0
2014-07-10,64.870003,-0.00153914111838,0.0200620992147,65.553,63.63869989,1.0,4984523.0
2014-07-11,66.339996,0.0226605970713,0.0217101287806,65.65549975,63.62909982,1.0,4606145.0
2014-07-14,67.900002,0.0235153164616,0.0229751114975,65.82549985,63.62749986,1.0,4352536.0
2014-07-15,67.169998,-0.010751163159,0.0232136323691,65.97449965,63.60289987,1.0,4307814.0
2014-07-16,67.660004,0.00729501287167,0.0230240055218,66.13749975,63.59359995,1.0,4343293.0
2014-07-17,66.410004,-0.0184747254818,0.0224935007985,66.17800005,63.5499,1.0,4445729.0
2014-07-18,68.419998,0.0302664339547,0.0243724883819,66.38200015,63.5356,1.0,4102987.0
2014-07-21,69.400002,0.0143233561626,0.0236531230023,66.62700025,63.537,1.0,4227772.0
2014-07-22,69.269997,-0.00187327083939,0.0180459952637,66.82199995,63.54029995,1.0,5541396.0
2014-07-23,71.290001,0.0291613120757,0.0171899860658,67.10049995,63.56859997,1.0,5817340.0
2014-07-24,74.980003,0.0517604425339,0.02119721108,67.4775,63.64429996,1.0,4717602.0
2014-07-25,75.190002,0.00280073341688,0.0213077563577,67.88050025,63.70819995,1.0,4693127.0
2014-07-28,74.919998,-0.00359095614866,0.0215166134305,68.24650025,63.74169993,1.0,4647572.0
2014-07-29,73.709999,-0.0161505476815,0.0221560058435,68.56750015,63.77039996,1.0,4513449.0
2014-07-30,74.68,0.0131596935716,0.0221672480115,68.89850025,63.81919993,1.0,4511160.0
2014-07-31,72.650002,-0.0271826191751,0.0235443885245,69.2085005,63.82539996,1.0,4247297.0
2014-08-01,72.360001,-0.00399175487979,0.0226238110778,69.5120005,63.84799999,1.0,4420122.0
2014-08-04,73.510002,0.0158927720302,0.0226945193874,69.92300055,63.87430004,1.0,4406350.0
2014-08-05,72.690002,-0.011154944602,0.0232355889029,70.41950075,63.91290004,1.0,4303743.0
2014-08-06,72.470001,-0.00302656478122,0.0217066733763,70.79450075,63.96040004,1.0,4606878.0
2014-08-07,73.169998,0.00965912778171,0.0134719132491,71.2095005,64.00470004,1.0,7422851.0
2014-08-08,73.059998,-0.00150334840791,0.0133570333118,71.5455006,64.0434,1.0,7486692.0
2014-08-11,73.440002,0.00520125938137,0.0135857864767,71.8225006,64.09540004,1.0,7360634.0
2014-08-12,72.830002,-0.00830609999166,0.01288030748,72.1055008,64.15400005,1.0,7763790.0
2014-08-13,73.769997,0.0129067001811,0.0128493428304,72.41100045,64.21930004,1.0,7782499.0
2014-08-14,74.300003,0.00718457396711,0.00918722289589,72.8055004,64.32130009,1.0,10884682.0
2014-08-15,73.629997,-0.00901757702486,0.00969239145365,73.06600035,64.40870007,1.0,10317371.0
2014-08-18,74.589996,0.0130381507417,0.0092632085972,73.32550005,64.55070004,1.0,10795395.0
2014-08-19,75.290001,0.00938470354657,0.00838101973328,73.62650025,64.69390004,1.0,11931722.0
2014-08-20,74.809998,-0.00637538841313,0.00873262153509,73.8025001,64.84190004,1.0,11451315.0
2014-08-21,74.57,-0.00320810060709,0.00862527210173,73.78199995,64.98520002,1.0,11593837.0
2014-08-22,74.57,0.0,0.00857170680042,73.75099985,65.10470003,1.0,11666288.0
2014-08-25,75.019997,0.0060345581333,0.0086093804025,73.7559998,65.22769999,1.0,11615238.0
2014-08-26,75.959999,0.0125300191628,0.00830999074166,73.8684998,65.39239996,1.0,12033708.0
2014-08-27,74.629997,-0.0175092419367,0.0101509752749,73.86599965,65.57119993,1.0,9851270.0
2014-08-28,73.860001,-0.0103175134792,0.0105082102463,73.9264996,65.74029993,1.0,9516368.0
2014-08-29,74.82,0.0129975492418,0.010836715009,74.04949955,65.90659994,1.0,9227889.0
2014-09-02,76.68,0.0248596631917,0.0127006408532,74.20799945,66.04929994,1.0,7873618.0
2014-09-03,75.830002,-0.0110850026082,0.0131694630441,74.36499945,66.21599996,1.0,7593324.0
2014-09-04,75.949997,0.00158242116359,0.0129263857386,74.53899925,66.39019994,1.0,7736114.0
2014-09-05,77.260002,0.0172482561125,0.013679668675,74.74349945,66.57389997,1.0,7310119.0
2014-09-08,77.889999,0.00815424519404,0.0136820090648,74.9849995,66.76189996,1.0,7308868.0
2014-09-09,76.669998,-0.0156631276886,0.0150543555005,75.1464993,66.93139993,1.0,6642596.0
2014-09-10,77.43,0.00991263883951,0.0148780612563,75.3764992,67.11629994,1.0,6721306.0
2014-09-11,77.919998,0.00632827069611,0.0132188982963,75.58399925,67.2830999,1.0,7564927.0
2014-09-12,77.480003,-0.00564675322502,0.0127138928467,75.74299925,67.42759994,1.0,7865412.0
2014-09-15,74.580002,-0.0374290253964,0.0180232405238,75.7904995,67.55979995,1.0,5548392.0
2014-09-16,76.080002,0.0201126301927,0.0173402099705,75.8649998,67.71189998,1.0,5766943.0
2014-09-17,76.43,0.00460039420083,0.0169973019889,75.92199975,67.89909999,1.0,5883287.0
2014-09-18,77.0,0.00745780452702,0.0171238190381,76.03149985,68.1077,1.0,5839819.0
2014-09-19,77.910004,0.0118182337662,0.016648717941,76.19850005,68.30530002,1.0,6006469.0
2014-09-22,76.800003,-0.0142472204211,0.0170754570838,76.3100002,68.47550006,1.0,5856359.0
2014-09-23,78.290001,0.0194010148671,0.0173900170443,76.4735004,68.64690005,1.0,5750426.0
2014-09-24,78.540001,0.00319325580287,0.0171888687544,76.6025005,68.82770007,1.0,5817719.0
2014-09-25,77.220001,-0.0168067224751,0.0180127715649,76.7320007,68.98770007,1.0,5551617.0
2014-09-26,78.790001,0.0203315200682,0.0190710533993,76.9785007,69.19030009,1.0,5243549.0
2014-09-29,79.0,0.00266530013117,0.0132117762622,77.1875007,69.4064001,1.0,7569005.0
2014-09-30,79.040001,0.000506341772152,0.0122825688385,77.30550075,69.62920013,1.0,8141619.0
2014-10-01,76.550003,-0.031503010735,0.016598903216,77.3415008,69.82230014,1.0,6024494.0
2014-10-02,77.080002,0.0069235660252,0.0165740815305,77.39800105,69.99480014,1.0,6033517.0
2014-10-03,77.440002,0.00467047211545,0.0161678620004,77.40700105,70.17090014,1.0,6185110.0
2014-10-06,77.559998,0.00154953508395,0.015428810152,77.390501,70.35420012,1.0,6481381.0
2014-10-07,76.290001,-0.0163743815465,0.0148487966635,77.37150115,70.53790015,1.0,6734552.0
2014-10-08,77.519997,0.0161226370937,0.015922207919,77.376001,70.73290012,1.0,6280536.0
2014-10-09,75.910004,-0.0207687443538,0.0163961855693,77.2755013,70.89990017,1.0,6098980.0
2014-10-10,72.910004,-0.0395204827021,0.0183173703336,77.04700135,71.0434002,1.0,5459299.0
2014-10-13,72.989998,0.00109716082309,0.0182264700159,76.96750115,71.16840016,1.0,5486526.0
2014-10-14,73.589996,0.00822027697548,0.0187689360398,76.84300085,71.29910012,1.0,5327953.0
2014-10-15,73.209999,-0.00516370458832,0.0166728599553,76.6820008,71.41770013,1.0,5997771.0
2014-10-16,72.629997,-0.00792244239752,0.0162146987468,76.46350065,71.5092001,1.0,6167244.0
2014-10-17,75.949997,0.0457111405361,0.0229548283898,76.3655003,71.63360009,1.0,4356382.0
2014-10-20,76.949997,0.0131665574654,0.0234269329997,76.373,71.76480004,1.0,4268591.0
2014-10-21,78.690002,0.0226121516288,0.0237415238583,76.39300005,71.91870007,1.0,4212030.0
2014-10-22,78.370003,-0.00406657760664,0.0233910352921,76.38450015,72.07160008,1.0,4275142.0
2014-10-23,80.040001,0.0213091480933,0.0227485577154,76.52550015,72.2433001,1.0,4395883.0
2014-10-24,80.669998,0.00787102688817,0.0163552683999,76.6195,72.41660008,1.0,6114238.0
2014-10-27,80.279999,-0.0048344986943,0.0168262345673,76.68349995,72.58750008,1.0,5943100.0
2014-10-28,80.769997,0.00610361243278,0.0168600609387,76.76999975,72.77020005,1.0,5931177.0
2014-10-29,75.860001,-0.0607898499736,0.0278332149097,76.73549965,72.90000005,1.0,3592830.0
2014-10-30,74.110001,-0.0230688106635,0.0289391728435,76.5869996,72.98340009,1.0,3455524.0
2014-10-31,74.989998,0.0118742003525,0.0250261803294,76.4644994,73.07550008,1.0,3995816.0
2014-11-03,73.879997,-0.0148019873264,0.0248313348931,76.28049935,73.17140004,1.0,4027170.0
2014-11-04,75.760002,0.0254467389867,0.0251798091029,76.2539994,73.28400006,1.0,3971436.0
2014-11-05,74.830002,-0.0122756068565,0.025333831419,76.11949965,73.39040006,1.0,3947291.0
2014-11-06,75.260002,0.00574635825882,0.024029128543,76.08699955,73.49900006,1.0,4161616.0
2014-11-07,75.599998,0.00451761880102,0.0238386570042,76.22149925,73.59900006,1.0,4194867.0
2014-11-10,75.0,-0.00793648169144,0.0238389775204,76.32199935,73.7056001,1.0,4194811.0
2014-11-11,74.610001,-0.00519998666667,0.0234386126203,76.3729996,73.80670011,1.0,4266464.0
2014-11-12,74.720001,0.00147433317954,0.014204428747,76.4484997,73.90020009,1.0,7040058.0
2014-11-13,74.25,-0.00629016319205,0.0122150482058,76.52949985,73.98550008,1.0,8186623.0
2014-11-14,74.879997,0.00848480808081,0.0118997906416,76.47599985,74.05990003,1.0,8403509.0
2014-11-17,74.239998,-0.00854699553474,0.0111829670133,76.3404999,74.13100004,1.0,8942171.0
2014-11-18,74.339996,0.00134695585525,0.00705418505257,76.1229996,74.19840002,1.0,14175982.0
2014-11-19,73.330002,-0.0135861454714,0.00727765883218,75.87099955,74.25880003,1.0,13740683.0
2014-11-20,73.599998,0.00368193089644,0.00705954989509,75.5489994,74.31420003,1.0,14165209.0
2014-11-21,73.75,0.00203807070756,0.00683722154507,75.2029995,74.38720006,1.0,14625824.0
2014-11-24,74.010002,0.00352545084746,0.00677636842501,74.88949965,74.46440007,1.0,14757167.0
2014-11-25,75.629997,0.0218888657779,0.00979111959639,74.63249965,74.56780003,1.0,10213337.0
2014-11-26,77.620003,0.0263123903072,0.0125682048671,74.72049975,74.71640008,1.0,7956586.0
2014-11-28,77.699997,0.00103058486097,0.0121146596215,74.89999955,74.84370004,1.0,8254462.0
2014-12-01,75.099998,-0.033462021884,0.016931340919,74.90549955,74.94599999,-1.0,-5906207.0
2014-12-02,75.459999,0.00479362196521,0.0166695980571,74.98449965,75.03720002,-1.0,-5998945.0
2014-12-03,74.879997,-0.00768621796563,0.0169368938707,74.9404994,75.10699997,-1.0,-5904270.0
2014-12-04,75.239998,0.00480770585501,0.0161761784497,74.9609992,75.18769997,-1.0,-6181930.0
2014-12-05,76.360001,0.0148857393643,0.0166338018139,75.01599915,75.27469994,-1.0,-6011855.0
2014-12-08,76.519997,0.00209528546235,0.0166331331284,75.0619991,75.37579987,-1.0,-6012096.0
2014-12-09,76.839996,0.00418190032077,0.0166331406386,75.1539989,75.45999985,-1.0,-6012094.0
2014-12-10,76.18,-0.00858922480943,0.0157357163725,75.23249885,75.52779983,-1.0,-6354970.0
2014-12-11,77.730003,0.0203465870307,0.014744430359,75.38299895,75.61239989,-1.0,-6782222.0
2014-12-12,77.830002,0.00128649165239,0.0147461761837,75.56199905,75.6777999,-1.0,-6781419.0
2014-12-15,76.989998,-0.0107928045537,0.00994639168468,75.6674991,75.69789985,-1.0,-10053897.0
2014-12-16,74.690002,-0.0298739584329,0.0142020595109,75.6899993,75.69289985,-1.0,-7041232.0
2014-12-17,76.110001,0.0190119020214,0.0152615931078,75.77849955,75.70479988,1.0,6552396.0
2014-12-18,78.400002,0.0300880432258,0.0177223692662,76.03199955,75.75169991,1.0,5642586.0
2014-12-19,79.879997,0.0188774867633,0.0180304699702,76.3459995,75.80369988,1.0,5546167.0
2014-12-22,81.449997,0.0196544824607,0.0185986662425,76.73099935,75.89169983,1.0,5376730.0
2014-12-23,80.610001,-0.0103130267764,0.0193423597132,77.0609993,75.97419983,1.0,5170000.0
2014-12-24,80.769997,0.00198481575506,0.0188002013351,77.3179993,76.04679978,1.0,5319092.0
2014-12-26,80.779999,0.000123833110951,0.0181656851068,77.4759991,76.12769975,1.0,5504885.0
2014-12-29,80.019997,-0.00940829424868,0.0186518140894,77.5919991,76.20319971,1.0,5361409.0
2014-12-30,79.220001,-0.00999745101215,0.0185883581776,77.79799925,76.26369974,1.0,5379711.0
2014-12-31,78.019997,-0.0151477402784,0.0161116428498,77.92599915,76.31329973,1.0,6206692.0
2015-01-02,78.449997,0.00551140754338,0.0153047797654,78.10449915,76.36339968,1.0,6533907.0
2015-01-05,77.190002,-0.0160611223478,0.0130698720631,78.20199935,76.40699968,1.0,7651184.0
2015-01-06,76.150002,-0.0134732474809,0.0113642007691,78.1914994,76.43079973,1.0,8799563.0
2015-01-07,76.150002,0.0,0.00783246949663,78.17299965,76.44929972,1.0,12767365.0
2015-01-08,78.18,0.0266578850517,0.0129679831883,78.23999985,76.49479975,1.0,7711299.0
2015-01-09,77.739998,-0.00562806344334,0.0128671392341,78.31799975,76.52629977,1.0,7771735.0
2015-01-12,76.720001,-0.013120620353,0.0131044282139,78.26749965,76.54059977,1.0,7631008.0
2015-01-13,76.449997,-0.00351934301982,0.0130196925125,78.1984994,76.55699976,1.0,7680673.0
2015-01-14,76.279999,-0.00222364953134,0.0128848897091,78.16299945,76.57409975,1.0,7761029.0
2015-01-15,74.050003,-0.0292343475254,0.0148895178655,78.1309995,76.56889978,1.0,6716134.0
2015-01-16,75.18,0.0152599183554,0.0159439234663,78.08449945,76.57049981,1.0,6271982.0
2015-01-20,76.239998,0.0140994679436,0.0162860910989,77.97649925,76.5732998,1.0,6140209.0
2015-01-21,76.739998,0.0065582373179,0.0158229275381,77.8194993,76.59439981,1.0,6319943.0
2015-01-22,77.650002,0.0118582750028,0.0161893456578,77.62949955,76.63229982,1.0,6176902.0
2015-01-23,77.830002,0.00231809395188,0.0137240539283,77.4904996,76.66239984,1.0,7286477.0
2015-01-26,77.5,-0.00424003586689,0.0136718092842,77.32699975,76.67059984,1.0,7314321.0
2015-01-27,75.779999,-0.0221935612903,0.0148711691159,77.07699975,76.67009981,1.0,6724421.0
2015-01-28,76.239998,0.00607019010386,0.0150086471337,76.8879998,76.67299982,1.0,6662826.0
2015-01-29,78.0,0.0230850215919,0.0166666660614,76.82699975,76.6803998,1.0,6000000.0
2015-01-30,75.910004,-0.0267948205128,0.0161631081868,76.7215001,76.66059985,1.0,6186929.0
2015-02-02,74.989998,-0.0121196937363,0.0160995512609,76.54850015,76.64379985,-1.0,-6211353.0
2015-02-03,75.400002,0.00546744913902,0.0154706205604,76.45900015,76.62349987,-1.0,-6463865.0
2015-02-04,75.629997,0.00305033148408,0.0153192508579,76.4329999,76.60059986,-1.0,-6527734.0
2015-02-05,75.610001,-0.000264392447351,0.01462168162,76.40599985,76.58189984,-1.0,-6839159.0
2015-02-06,74.470001,-0.0150773705187,0.0150062808794,76.2204999,76.58079983,-1.0,-6663876.0
2015-02-09,74.440002,-0.000402833350304,0.0150570066685,76.0555001,76.56439983,-1.0,-6641426.0
2015-02-10,75.190002,0.0100752281011,0.014134692527,75.97900015,76.55199985,-1.0,-7074791.0
2015-02-11,76.510002,0.0175555255338,0.015173582854,75.9820004,76.54709987,-1.0,-6590401.0
2015-02-12,76.230003,-0.00365963916718,0.0129338229982,75.9795006,76.53029986,-1.0,-7731666.0
2015-02-13,75.739998,-0.00642798085683,0.00987554306074,76.06400035,76.51969981,-1.0,-10126025.0
2015-02-17,75.599998,-0.0018484288843,0.00899025133591,76.08500025,76.49279978,-1.0,-11123160.0
2015-02-18,76.709999,0.0146825532985,0.00993874367571,76.1085003,76.47449976,-1.0,-10061634.0
2015-02-19,79.419998,0.0353278455916,0.0145656497757,76.2425003,76.49649973,-1.0,-6865468.0
2015-02-20,79.900002,0.00604386819551,0.0144486432438,76.3550003,76.50759974,-1.0,-6921065.0
2015-02-23,78.839996,-0.0132666579908,0.0141689863049,76.4055,76.5059997,-1.0,-7057668.0
2015-02-24,78.449997,-0.00494671511653,0.0144601592285,76.45299985,76.50009966,-1.0,-6915553.0
2015-02-25,79.559998,0.0141491528674,0.0146639181637,76.6419998,76.53019961,1.0,6819460.0
2015-02-26,80.410004,0.0106838363671,0.0142035804657,76.8505001,76.56349963,1.0,7040478.0
2015-02-27,78.970001,-0.0179082567885,0.0158018088781,76.89900015,76.57879962,1.0,6328389.0
2015-03-02,79.75,0.00987715575691,0.0154845287006,77.09099995,76.60069964,1.0,6458059.0
2015-03-03,79.599998,-0.00188090282132,0.0154861929561,77.32149995,76.63379961,1.0,6457365.0
2015-03-04,80.900002,0.0163317089531,0.0156058123597,77.59649995,76.66759966,1.0,6407869.0
2015-03-05,81.209999,0.00383185404618,0.0115568401936,77.87550005,76.72059961,1.0,8652884.0
2015-03-06,80.010002,-0.0147764685972,0.0126312303478,78.0955001,76.79159959,1.0,7916885.0
2015-03-09,79.440002,-0.00712410930823,0.0120385218829,78.34400015,76.85609963,1.0,8306668.0
2015-03-10,77.550003,-0.0237915275984,0.0143039780322,78.4995002,76.8956997,1.0,6991062.0
2015-03-11,77.57,0.000257859435544,0.0133021915968,78.6185001,76.93929971,1.0,7517558.0
2015-03-12,78.93,0.017532551244,0.014199559242,78.7395,77.00229974,1.0,7042472.0
2015-03-13,78.050003,-0.0111490814646,0.0134888230584,78.8305,77.0232998,1.0,7413545.0
2015-03-16,78.07,0.000256207549409,0.0129521771076,78.9470001,77.03449983,1.0,7720710.0
2015-03-17,79.360001,0.0165236454464,0.014224207974,79.13500025,77.04119982,1.0,7030268.0
2015-03-18,80.910004,0.0195312875563,0.0146667579972,79.3450005,77.06659983,1.0,6818139.0
2015-03-19,82.75,0.0227412669514,0.0163252326763,79.5115006,77.09369982,1.0,6125487.0
2015-03-20,83.800003,0.012688858006,0.0154775012603,79.70650065,77.12499987,1.0,6460991.0
2015-03-23,84.43,0.00751786369268,0.0149119714329,79.98600085,77.16649988,1.0,6706021.0
2015-03-24,85.309998,0.0104228117968,0.0105505920777,80.3290009,77.21189989,1.0,9478141.0
2015-03-25,82.919998,-0.0280154736377,0.0158162119862,80.4970009,77.28249986,1.0,6322626.0
2015-03-26,83.010002,0.00108543176762,0.0154270872124,80.6270008,77.37149987,1.0,6482105.0
2015-03-27,83.300003,0.00349356695594,0.0143654565334,80.8435009,77.45459992,1.0,6961143.0
2015-03-30,83.199997,-0.00120055217765,0.0144443810162,81.01600075,77.54779992,1.0,6923107.0
2015-03-31,82.220001,-0.0117787985016,0.0150188897151,81.1470009,77.61239991,1.0,6658282.0
2015-04-01,81.669998,-0.00668940638909,0.0142047212166,81.1855007,77.68079987,1.0,7039913.0
2015-04-02,81.559998,-0.00134688383364,0.0119816880116,81.20300065,77.74379983,1.0,8346069.0
2015-04-06,82.440002,0.0107896520547,0.0117466118897,81.32450065,77.81219987,1.0,8513093.0
2015-04-07,82.32,-0.00145562830045,0.0113096732104,81.46850055,77.88539987,1.0,8841988.0
2015-04-08,82.279999,-0.00048592079689,0.0104190029379,81.70500035,77.96209985,1.0,9597847.0
2015-04-09,82.169998,-0.00133691056559,0.0058946244294,81.93500025,78.03659982,1.0,16964609.0
2015-04-10,82.040001,-0.00158204944827,0.00585539497931,82.0905003,78.11449983,1.0,17078267.0
2015-04-13,83.010002,0.0118235127764,0.00705955770778,82.33850025,78.19579988,1.0,14165193.0
2015-04-14,83.519997,0.00614377771006,0.0073351501087,82.6110001,78.28859987,1.0,13632986.0
2015-04-15,82.709999,-0.00969825226407,0.00697156681218,82.7785,78.3722999,1.0,14343978.0
2015-04-16,82.309998,-0.00483618673481,0.00677772437111,82.8484997,78.46209986,1.0,14754215.0
2015-04-17,80.779999,-0.0185882521829,0.00915944423708,82.74999965,78.53389987,1.0,10917693.0
2015-04-20,83.089996,0.0285961503911,0.0127258805619,82.7144993,78.62729983,1.0,7858002.0
2015-04-21,83.620003,0.00637871013979,0.0128085024989,82.67399945,78.72339984,1.0,7807314.0
2015-04-22,84.629997,0.012078377945,0.0131872709077,82.6399994,78.81339984,1.0,7583070.0
2015-04-23,82.410004,-0.0262317509003,0.016103015766,82.6144997,78.86129985,1.0,6210017.0
2015-04-24,81.529999,-0.0106783758923,0.0164804413174,82.54049955,78.89959987,1.0,6067799.0
2015-04-27,81.910004,0.00466092241704,0.0160349021856,82.4709996,78.96769993,1.0,6236396.0
2015-04-28,80.68,-0.0150165296049,0.016348673923,82.34499975,79.01989994,1.0,6116704.0
2015-04-29,80.470001,-0.00260286316311,0.0161949986122,82.25749975,79.07579998,1.0,6174746.0
2015-04-30,78.769997,-0.0211259348686,0.0172285122663,82.1124997,79.11109997,1.0,5804332.0
2015-05-01,78.989998,0.00279295427674,0.0165657719045,81.9839997,79.13739994,1.0,6036543.0
2015-05-04,78.809998,-0.00227876952219,0.012611103742,81.8024995,79.16029995,1.0,7929520.0
2015-05-05,77.559998,-0.0158609317564,0.0122989825841,81.5644994,79.16749997,1.0,8130754.0
2015-05-06,78.099998,0.00696235190723,0.0114763927956,81.35549935,79.18669995,1.0,8713539.0
2015-05-07,78.43,0.00422537782908,0.0100326387252,81.16849945,79.19369992,1.0,9967467.0
2015-05-08,78.510002,0.00102004335076,0.00996479121192,80.9919995,79.20049992,1.0,10035333.0
2015-05-11,78.010002,-0.00636861530076,0.00953491965293,80.7419995,79.21069996,1.0,10487765.0
2015-05-12,77.459999,-0.0070504164325,0.00890053799241,80.4389996,79.23839993,1.0,11235276.0
2015-05-13,78.440002,0.0126517300885,0.0103596925402,80.22549975,79.26169994,1.0,9652796.0
2015-05-14,81.370003,0.0373534029232,0.014397803747,80.1785,79.29139995,1.0,6945504.0
2015-05-15,80.419998,-0.0116751255374,0.0151658583874,80.16049995,79.29679996,1.0,6593758.0
2015-05-18,80.879997,0.00571995786421,0.015131992832,80.05,79.29109996,1.0,6608515.0
2015-05-19,80.629997,-0.00309099912553,0.0138787286938,79.9004997,79.29129992,1.0,7205271.0
2015-05-20,80.550003,-0.000992112153992,0.0139163729561,79.6965,79.28909998,1.0,7185780.0
2015-05-21,80.480003,-0.000869025417665,0.0139669790728,79.59999995,79.28610002,1.0,7159744.0
2015-05-22,80.540001,0.000745501960282,0.0139708516983,79.55050005,79.29130006,1.0,7157760.0
2015-05-26,79.330002,-0.0150235781596,0.0148326229841,79.42149995,79.29240007,1.0,6741896.0
2015-05-27,80.550003,0.0153788096463,0.0150437962348,79.4150001,79.31770013,1.0,6647258.0
2015-05-28,80.150002,-0.00496587194416,0.0149519167111,79.39900015,79.33470018,1.0,6688106.0
2015-05-29,79.190002,-0.0119775418097,0.00906554481756,79.4200004,79.35470018,1.0,11030777.0
2015-06-01,80.290001,0.0138906297792,0.00981899459103,79.48500055,79.39610017,1.0,10184342.0
2015-06-02,80.440002,0.00186824010626,0.0096384096182,79.56650075,79.43900017,1.0,10375156.0
2015-06-03,82.440002,0.0248632514952,0.0124486887834,79.81050095,79.48160019,1.0,8032975.0
2015-06-04,82.050003,-0.0047307010012,0.0126133202756,80.0080012,79.52470024,1.0,7928127.0
2015-06-05,82.139999,0.00109684334807,0.0125803332898,80.19350115,79.57890022,1.0,7948915.0
2015-06-08,80.669998,-0.0178962870452,0.0140956693868,80.30150095,79.62110023,1.0,7094378.0
2015-06-09,80.669998,0.0,0.0130485809281,80.43450075,79.66500022,1.0,7663669.0
2015-06-10,82.160004,0.0184703859792,0.0134381022294,80.669501,79.74610023,1.0,7441527.0
2015-06-11,81.830002,-0.00401657721438,0.013386193236,80.839001,79.81260025,1.0,7470384.0
2015-06-12,81.529999,-0.00366617368529,0.0126488060012,80.8470008,79.86550026,1.0,7905885.0
2015-06-15,80.709999,-0.0100576476151,0.0126222834981,80.86150085,79.90520027,1.0,7922497.0
2015-06-16,81.059998,0.00433650110688,0.0126740155857,80.8705009,79.93930023,1.0,7890159.0
2015-06-17,81.790001,0.0090057120406,0.0100559039667,80.9285011,79.97890022,1.0,9944407.0
2015-06-18,82.910004,0.0136936420871,0.0108973138649,81.04650115,80.03300026,1.0,9176573.0
2015-06-19,82.510002,-0.00482453239298,0.0110570091267,81.1480011,80.10030029,1.0,9044037.0
2015-06-22,84.739998,0.0270269778929,0.0118479240792,81.35800095,80.18530029,1.0,8440297.0
2015-06-23,87.879997,0.0370545087811,0.0153795774722,81.7855007,80.28410026,1.0,6502129.0
2015-06-24,88.860001,0.0111516162205,0.0150333316298,82.2010006,80.41360023,1.0,6651885.0
2015-06-25,87.980003,-0.00990319592727,0.0156571678712,82.59250065,80.54350028,1.0,6386851.0
2015-06-26,88.010002,0.000340975210015,0.0153920339884,83.03350065,80.66960028,1.0,6496867.0
2015-06-29,85.800003,-0.0251107709326,0.0178676237734,83.30900075,80.77130034,1.0,5596715.0
2015-06-30,85.769997,-0.000349720267492,0.0179852438785,83.5755005,80.8729003,1.0,5560114.0
2015-07-01,86.910004,0.0132914426941,0.0181204498099,83.7990006,80.99730033,1.0,5518627.0
2015-07-02,87.290001,0.00437230448177,0.0179330387683,84.0610005,81.12580032,1.0,5576300.0
2015-07-06,87.550003,0.00297860003461,0.0176101654771,84.3315007,81.24940033,1.0,5678538.0
2015-07-07,87.220001,-0.0037692974151,0.0161753512775,84.65900085,81.35650032,1.0,6182246.0
2015-07-08,85.650002,-0.0180004469388,0.0121728477504,84.90800105,81.45070031,1.0,8215005.0
2015-07-09,85.879997,0.00268528890402,0.0113869285635,85.0940007,81.5521003,1.0,8781999.0
2015-07-10,87.949997,0.0241034009351,0.0139913465028,85.40000045,81.67560029,1.0,7147275.0
2015-07-13,90.099998,0.0244457199925,0.0159811736621,85.8285004,81.80950028,1.0,6257363.0
2015-07-14,89.68,-0.00466146514232,0.0131112393828,86.27700045,81.9121003,1.0,7627044.0
2015-07-15,89.760002,0.000892082961641,0.0130659041223,86.71200065,82.0107003,1.0,7653508.0
2015-07-16,90.849998,0.0121434489273,0.0129861842441,87.1650005,82.13080032,1.0,7700491.0
2015-07-17,94.970001,0.04534951118,0.0183089771085,87.76800035,82.29600036,1.0,5461802.0
2015-07-20,97.910004,0.0309571756243,0.0194536408235,88.53800045,82.47950042,1.0,5140426.0
2015-07-21,98.389999,0.00490241017659,0.0188866099056,89.2205005,82.65930037,1.0,5294756.0
2015-07-22,97.040001,-0.0137208864084,0.0181586551387,89.6785007,82.84000037,1.0,5507016.0
2015-07-23,95.440002,-0.0164880356916,0.0202289312137,90.00750075,82.99690039,1.0,4943415.0
2015-07-24,96.949997,0.0158214057875,0.0197881414419,90.45600045,83.17040038,1.0,5053532.0
2015-07-27,94.169998,-0.0286745650957,0.0224231810432,90.76400025,83.30310034,1.0,4459671.0
2015-07-28,95.290001,0.0118934164149,0.0222697575643,91.23850015,83.44390036,1.0,4490395.0
2015-07-29,96.989998,0.0178402453789,0.0224559546765,91.7995002,83.61370032,1.0,4453162.0
2015-07-30,95.209999,-0.0183523975328,0.0238580461057,92.21449995,83.77140029,1.0,4191458.0
2015-07-31,94.010002,-0.0126036867199,0.0196167138385,92.5505,83.93600028,1.0,5097694.0
2015-08-03,94.139999,0.00138279967274,0.0162262060279,92.8799998,84.10170027,1.0,6162870.0
2015-08-04,94.059998,-0.000849808804438,0.0159835733511,93.22199965,84.25300025,1.0,6256423.0
2015-08-05,96.440002,0.0253030411504,0.0180752661078,93.76149965,84.43690024,1.0,5532422.0
2015-08-06,95.120003,-0.0136872560413,0.0178194232639,94.22349995,84.60740027,1.0,5611854.0
2015-08-07,94.300003,-0.00862068938328,0.0170379490737,94.54100025,84.75680029,1.0,5869251.0
2015-08-10,94.150002,-0.00159067863444,0.0143851996711,94.74350045,84.88920027,1.0,6951589.0
2015-08-11,93.620003,-0.00562930418206,0.0138421360036,94.9405006,84.9979003,1.0,7224319.0
2015-08-12,94.190002,0.00608843176388,0.0124272211164,95.1620006,85.10180029,1.0,8046851.0
2015-08-13,93.43,-0.00806881817457,0.0113841089551,95.2910007,85.19180029,1.0,8784175.0
2015-08-14,94.419998,0.0105961468479,0.0113077333474,95.26350055,85.28290029,1.0,8843505.0
2015-08-17,93.93,-0.00518955740711,0.0114404524155,95.06450035,85.39300031,1.0,8740913.0
2015-08-18,95.169998,0.0132012988396,0.0121855877843,94.9035003,85.51460027,1.0,8206416.0
2015-08-19,95.309998,0.00147105183295,0.00882317953506,94.81700015,85.63470022,1.0,11333783.0
2015-08-20,90.559998,-0.0498373738293,0.017587058302,94.57299995,85.70830023,1.0,5685999.0
2015-08-21,86.059998,-0.0496908138183,0.022654672375,94.0285,85.7467002,1.0,4414100.0
2015-08-24,82.089996,-0.0461306308652,0.0252906258339,93.4244999,85.75090018,1.0,3954034.0
2015-08-25,83.0,0.0110854433468,0.0263840176992,92.80999985,85.7653002,1.0,3790173.0
2015-08-26,87.190002,0.0504819518072,0.0326827731867,92.32000005,85.8128002,1.0,3059716.0
2015-08-27,89.730003,0.0291317919685,0.0346328899301,92.04600025,85.88690023,1.0,2887429.0
2015-08-28,91.010002,0.0142650056526,0.0348176105763,91.89600025,85.97420026,1.0,2872110.0
2015-08-31,89.43,-0.0173607511842,0.0351094596049,91.6605003,86.04680028,1.0,2848235.0
2015-09-01,87.230003,-0.0246002124567,0.0350461272684,91.31900055,86.0987003,1.0,2853382.0
2015-09-02,89.889999,0.0304940491633,0.0370717212612,90.9915004,86.16750027,1.0,2697474.0
2015-09-03,88.150002,-0.0193569587202,0.0341317971419,90.64300035,86.21380032,1.0,2929819.0
2015-09-04,88.260002,0.00124787291553,0.029774342089,90.3410003,86.26930035,1.0,3358596.0
2015-09-08,89.529999,0.0143892700116,0.0243520937334,90.11000015,86.34150036,1.0,4106423.0
2015-09-09,90.440002,0.0101642243959,0.0243449759857,89.9510001,86.43810039,1.0,4107624.0
2015-09-10,91.980003,0.0170278744576,0.0198836195895,89.84050015,86.52700046,1.0,5029265.0
2015-09-11,92.050003,0.000761034982789,0.0180862535778,89.7715003,86.61130046,1.0,5529061.0
2015-09-14,92.309998,0.00282449746362,0.0176297179814,89.6660003,86.68810047,1.0,5672240.0
2015-09-15,92.900002,0.00639155034972,0.0163511389336,89.6145004,86.79300045,1.0,6115782.0
2015-09-16,93.449997,0.00592029050764,0.0129220402173,89.52850035,86.91220043,1.0,7738716.0
2015-09-17,94.339996,0.00952379912864,0.0100701128862,89.48000025,87.03650035,1.0,9930375.0
2015-09-18,94.400002,0.000636061082725,0.00580133735352,89.67200045,87.17370037,1.0,17237405.0
2015-09-21,95.550003,0.012182213725,0.00564847235719,90.1465007,87.32450039,1.0,17703902.0
2015-09-22,92.959999,-0.0271062681181,0.0120420532336,90.69000085,87.46640041,1.0,8304232.0
2015-09-23,93.970001,0.0108649097554,0.0120849508477,91.2385009,87.61620044,1.0,8274754.0
2015-09-24,94.410004,0.00468237730465,0.0111927969668,91.599501,87.7722005,1.0,8934317.0
2015-09-25,92.769997,-0.017371114612,0.0128778972576,91.7515007,87.92430049,1.0,7765243.0
2015-09-28,89.209999,-0.0383744541891,0.017819727093,91.66150055,88.0354005,1.0,5611758.0
2015-09-29,86.669998,-0.0284721559071,0.019086014594,91.52350045,88.11780048,1.0,5239439.0
2015-09-30,89.900002,0.0372678444045,0.0234694622903,91.6570004,88.23170048,1.0,4260856.0
2015-10-01,90.949997,0.0116795881718,0.023613037411,91.7100003,88.36110043,1.0,4234949.0
2015-10-02,92.07,0.012314491885,0.0241182789193,91.9060002,88.50720044,1.0,4146233.0
2015-10-05,94.010002,0.0210709460193,0.0248609500219,92.1935002,88.66290044,1.0,4022372.0
2015-10-06,92.800003,-0.0128709602623,0.0235973736734,92.3570004,88.77720044,1.0,4237760.0
2015-10-07,92.400002,-0.0043103554641,0.0233129210538,92.4550004,88.89700048,1.0,4289467.0
2015-10-08,92.470001,0.000757564918667,0.0232313214987,92.4795003,89.01290052,1.0,4304533.0
2015-10-09,93.239998,0.00832699244807,0.022737369865,92.53900005,89.13900053,1.0,4398046.0
2015-10-12,94.260002,0.0109395540742,0.0182083578811,92.63650025,89.27610052,1.0,5491983.0
2015-10-13,94.120003,-0.00148524291353,0.0141286197645,92.6975003,89.41250052,1.0,7077832.0
2015-10-14,94.07,-0.000531268576351,0.00998753971805,92.72850045,89.54780051,1.0,10012476.0
2015-10-15,95.959999,0.0200914106516,0.0109581464462,92.8095006,89.71410048,1.0,9125631.0
2015-10-16,97.540001,0.0164652148444,0.0113204978748,92.96650055,89.88400046,1.0,8833534.0
2015-10-19,98.470001,0.00953454983048,0.0101207512212,93.11250045,90.06720045,1.0,9880689.0
2015-10-20,97.0,-0.014928414594,0.0105300901441,93.3145005,90.24530043,1.0,9496595.0
2015-10-21,97.110001,0.00113403092783,0.010158963602,93.4715005,90.41350043,1.0,9843524.0
2015-10-22,99.669998,0.0263618265229,0.0120187524055,93.7345002,90.60580039,1.0,8320331.0
2015-10-23,102.190002,0.0252834759764,0.0132656115147,94.20550045,90.80330039,1.0,7538288.0
2015-10-26,103.769997,0.0154613462088,0.0134045572416,94.93350035,91.02050033,1.0,7460149.0
2015-10-27,103.699997,-0.000674568777332,0.0133313871828,95.7850003,91.23610031,1.0,7501095.0
2015-10-28,104.199997,0.00482160091094,0.0129722157589,96.50000005,91.4714003,1.0,7708783.0
2015-10-29,104.879997,0.00652591189614,0.0125431196938,97.19650005,91.71350029,1.0,7972498.0
2015-10-30,101.970001,-0.0277459580782,0.0167162895288,97.6915001,91.91160026,1.0,5982189.0
2015-11-02,103.309998,0.0131410903879,0.0168732922076,98.1564999,92.12640022,1.0,5926526.0
2015-11-03,102.580002,-0.00706607312102,0.0160055999708,98.64549985,92.33690025,1.0,6247813.0
2015-11-04,103.940002,0.01325794476,0.0160782812355,99.22249985,92.56920028,1.0,6219570.0
2015-11-05,108.760002,0.0463729065543,0.0196198206927,100.0369999,92.84620032,1.0,5096887.0
2015-11-06,107.099998,-0.0152630008227,0.0200514050873,100.7299999,93.09930029,1.0,4987182.0
2015-11-09,106.489998,-0.00569561168433,0.0199270297196,101.3414997,93.33510023,1.0,5018309.0
2015-11-10,107.910004,0.0133346420008,0.020149363372,102.03099975,93.58910025,1.0,4962936.0
2015-11-11,109.010002,0.0101936610066,0.0202401234691,102.77799985,93.83180029,1.0,4940681.0
2015-11-12,108.019997,-0.00908178132131,0.0206811245166,103.38099975,94.03320029,1.0,4835327.0
2015-11-13,103.949997,-0.0376782087857,0.0224889948259,103.70149955,94.18410025,1.0,4446619.0
2015-11-16,104.040001,0.000865839370828,0.0221550321321,103.97999955,94.34470023,1.0,4513647.0
2015-11-17,105.129997,0.010476701168,0.0221465970839,104.3864994,94.51590018,1.0,4515366.0
2015-11-18,107.769997,0.0251117671011,0.0230736162348,104.9194992,94.73560012,1.0,4333954.0
2015-11-19,106.260002,-0.0140112743995,0.0180720225789,105.2489994,94.94050017,1.0,5533415.0
2015-11-20,107.32,0.00997551270515,0.0178014017526,105.5054993,95.14460013,1.0,5617535.0
2015-11-23,106.949997,-0.00344766120015,0.0177306406358,105.6644993,95.34120009,1.0,5639954.0
2015-11-24,105.739998,-0.0113136889569,0.0174709464968,105.76649935,95.52310004,1.0,5723788.0
2015-11-25,105.410004,-0.00312080580898,0.0169471529545,105.8269997,95.70500007,1.0,5900696.0
2015-11-27,105.449997,0.0003794042167,0.0168474937921,105.8554997,95.90300002,1.0,5935601.0
2015-11-30,104.239998,-0.0114746233705,0.012097706734,105.96899955,96.08660003,1.0,8266029.0
2015-12-01,107.120003,0.0276285979975,0.0148688217934,106.1594998,96.27830009,1.0,6725482.0
2015-12-02,106.07,-0.00980211884423,0.0151196486434,106.3339997,96.43800011,1.0,6613910.0
2015-12-03,104.379997,-0.0159329028,0.0133070515809,106.35599945,96.58500008,1.0,7514813.0
2015-12-04,106.18,0.0172447121262,0.0141091133871,106.22699935,96.74920006,1.0,7087618.0
2015-12-07,105.610001,-0.00536823318892,0.0137347345666,106.1524995,96.89680009,1.0,7280811.0
2015-12-08,106.489998,0.00833251578134,0.0140526098045,106.1524995,97.01200006,1.0,7116116.0
2015-12-09,104.599998,-0.0177481456991,0.014741208736,105.9869992,97.0789,1.0,6783704.0
2015-12-10,105.419998,0.00783938829521,0.0149705270395,105.807499,97.14919999,1.0,6679792.0
2015-12-11,102.120003,-0.0313033111611,0.0179610235626,105.5124993,97.20000001,1.0,5567611.0
2015-12-14,104.660004,0.0248727078475,0.0196655008312,105.54799965,97.29220003,1.0,5085047.0
2015-12-15,104.550003,-0.00105103187269,0.0172212974675,105.57349975,97.36820009,1.0,5806763.0
2015-12-16,106.790001,0.0214251356836,0.0184924065914,105.65649995,97.49440012,1.0,5407625.0
2015-12-17,106.220001,-0.00533757837496,0.0177122587071,105.57900015,97.60370012,1.0,5645807.0
2015-12-18,104.040001,-0.0205234417198,0.0180970081733,105.4680001,97.67420015,1.0,5525775.0
2015-12-21,104.769997,0.00701649358885,0.0182553206303,105.34049995,97.76980013,1.0,5477855.0
2015-12-22,105.510002,0.0070631385052,0.0181902358943,105.2685002,97.88480013,1.0,5497455.0
2015-12-23,104.629997,-0.00834048889507,0.017442777464,105.21300015,97.98970011,1.0,5733032.0
2015-12-24,105.019997,0.00372742054078,0.0172895832595,105.1934998,98.0993001,1.0,5783829.0
2015-12-28,105.93,0.00866504500091,0.0135211690187,105.21749995,98.19420008,1.0,7395810.0
2015-12-29,107.260002,0.012555480034,0.011839844458,105.36850015,98.31560007,1.0,8446057.0
2015-12-30,106.220001,-0.00969607477725,0.0124304468812,105.32350005,98.43480005,1.0,8044763.0
2015-12-31,104.660004,-0.014686471336,0.0112371493955,105.25300025,98.53990007,1.0,8899054.0
2016-01-04,102.220001,-0.0233136146259,0.0131185756572,105.14500045,98.62590005,1.0,7622779.0
2016-01-05,102.730003,0.00498925841333,0.0119209230232,104.9725006,98.71130006,1.0,8388612.0
2016-01-06,102.970001,0.00233620162554,0.0116512304865,104.8405006,98.80670007,1.0,8582784.0
2016-01-07,97.919998,-0.0490434393606,0.0184840459837,104.4120006,98.84170007,1.0,5410071.0
2016-01-08,97.330002,-0.00602528607078,0.018483795762,104.0485008,98.87570009,1.0,5410144.0
2016-01-11,97.510002,0.00184937836537,0.0183713333136,103.653001,98.89910013,1.0,5443263.0
2016-01-12,99.370003,0.0190749765342,0.0196247021273,103.515501,98.93970018,1.0,5095619.0
2016-01-13,95.440002,-0.0395491685756,0.0209642316346,103.0545009,98.98850022,1.0,4770029.0
2016-01-14,98.370003,0.0306999260122,0.0248603361013,102.7455009,99.11160027,1.0,4022472.0
2016-01-15,94.970001,-0.0345634024226,0.0262655122533,102.1545009,99.24040032,1.0,3807274.0
2016-01-19,95.260002,0.00305360636987,0.0260309138667,101.60650095,99.36300034,1.0,3841586.0
2016-01-20,94.349998,-0.00955284464512,0.0257084323044,101.1220008,99.4346003,1.0,3889774.0
2016-01-21,94.160004,-0.00201371493405,0.0255471706951,100.59150115,99.47890031,1.0,3914328.0
2016-01-22,97.940002,0.0401444120584,0.0254297902345,100.21300115,99.54820031,1.0,3932396.0
2016-01-25,97.010002,-0.00949560936297,0.0255492776699,99.8320014,99.62400033,1.0,3914005.0
2016-01-26,97.339996,0.00340164924437,0.0255667096577,99.44800135,99.72510026,-1.0,-3911336.0
2016-01-27,94.449997,-0.0296897382244,0.0261925302037,98.8740012,99.77070024,-1.0,-3817882.0
2016-01-28,109.110001,0.155214446433,0.0545296255764,98.96650115,99.98030023,-1.0,-1833866.0
2016-01-29,112.209999,0.0284116760296,0.0544598734614,99.26600105,100.2198002,-1.0,-1836214.0
2016-02-01,115.089996,0.0256661351543,0.0516921271647,99.78750065,100.47540017,-1.0,-1934531.0
2016-02-02,114.610001,-0.00417060575795,0.0520127437537,100.40700065,100.71710016,-1.0,-1922606.0
2016-02-03,112.690002,-0.0167524560095,0.0525114987338,100.9050006,100.92420015,-1.0,-1904345.0
2016-02-04,110.489998,-0.0195226192293,0.0535738174589,101.28100045,101.1086001,1.0,1866583.0
2016-02-05,104.07,-0.0581047888154,0.0577679101067,101.58850055,101.22620012,1.0,1731065.0
2016-02-08,99.75,-0.0415105217642,0.0596700181878,101.70950045,101.2947001,1.0,1675884.0
2016-02-09,99.540001,-0.00210525313283,0.0597045733288,101.8110004,101.35560014,1.0,1674914.0
2016-02-10,101.0,0.0146674601701,0.0585818598788,101.89250025,101.42220018,1.0,1707013.0
2016-02-11,101.910004,0.00900994059406,0.0281470395508,102.21600035,101.4973002,1.0,3552772.0
2016-02-12,102.010002,0.000981238309048,0.0255939110753,102.3980003,101.56190019,1.0,3907179.0
2016-02-16,101.610001,-0.00392119392371,0.0226594352656,102.7300003,101.64840021,1.0,4413173.0
2016-02-17,105.199997,0.0353311284782,0.0271932092813,103.22700005,101.76070017,1.0,3677389.0
2016-02-18,103.470001,-0.0164448293663,0.0271826219729,103.6830002,101.85130014,1.0,3678821.0
2016-02-19,104.57,0.0106310910348,0.0274534819241,104.2035,101.96930017,1.0,3642525.0
2016-02-22,107.160004,0.0247681361767,0.0215684132076,104.6645001,102.14880022,1.0,4636410.0
2016-02-23,105.459999,-0.0158641744732,0.0166281126147,105.08699995,102.33670023,1.0,6013912.0
2016-02-24,106.879997,0.0134648019483,0.0165442435012,105.564,102.50650018,1.0,6044398.0
2016-02-25,108.07,0.0111340104173,0.0164056683233,106.24500015,102.67770021,1.0,6095454.0
2016-02-26,107.919998,-0.00138800777274,0.016586234393,106.1855,102.83620019,1.0,6029096.0
2016-02-29,106.919998,-0.00926612322584,0.0172259944124,105.92099995,102.96530015,1.0,5805180.0
2016-03-01,109.82,0.0271231018916,0.0182383565027,105.65750015,103.13550012,1.0,5482950.0
2016-03-02,109.949997,0.00118372791841,0.0155388987682,105.42449995,103.31100007,1.0,6435462.0
2016-03-03,109.580002,-0.00336512060114,0.0140565871606,105.26899995,103.48210008,1.0,7114102.0
2016-03-04,108.389999,-0.0108596730998,0.0148627804491,105.164,103.63360009,1.0,6728216.0
2016-03-07,105.730003,-0.0245409726408,0.0152679180966,105.24700015,103.7483001,1.0,6549681.0
2016-03-08,105.93,0.00189158227868,0.0143848722475,105.55600015,103.86640007,1.0,6951748.0
2016-03-09,107.510002,0.014915529123,0.0145362473984,105.9545002,104.00080009,1.0,6879355.0
2016-03-10,107.32,-0.00176729603261,0.0140706682164,106.2705002,104.1144001,1.0,7106983.0
2016-03-11,109.410004,0.0194745061498,0.0154236448118,106.6455002,104.23310013,1.0,6483552.0
