Date,close,position
2005-01-03,111.875,0.0
2005-01-04,111.40625,0.0
2005-01-05,111.40625,0.0
2005-01-06,111.4765625,0.0
2005-01-07,111.375,0.0
2005-01-10,111.3828125,0.0
2005-01-11,111.578125,0.0
2005-01-12,111.6328125,0.0
2005-01-13,112.0,0.0
2005-01-14,111.828125,0.0
2005-01-18,111.90625,0.0
2005-01-19,111.9140625,0.0
2005-01-20,112.078125,0.0
2005-01-21,112.3046875,0.0
2005-01-24,112.359375,0.0
2005-01-25,111.9453125,0.0
2005-01-26,111.875,0.0
2005-01-27,111.765625,0.0
2005-01-28,112.25,0.0
2005-01-31,112.265625,0.0
2005-02-01,112.2734375,0.0
2005-02-02,112.25,0.0
2005-02-03,112.0234375,0.0
2005-02-04,112.65625,0.0
2005-02-07,112.765625,0.0
2005-02-08,112.828125,0.0
2005-02-09,113.375,0.0
2005-02-10,112.828125,0.0
2005-02-11,112.5859375,0.0
2005-02-14,112.71875,0.0
2005-02-15,112.5546875,0.0
2005-02-16,112.109375,0.0
2005-02-17,112.0,0.0
2005-02-18,111.4765625,0.0
2005-02-22,111.359375,0.0
2005-02-23,111.4140625,0.0
2005-02-24,111.3046875,0.0
2005-02-25,111.40625,0.0
2005-02-28,110.875,0.0
2005-03-01,110.7734375,0.0
2005-03-02,110.75,0.0
2005-03-03,110.6875,0.0
2005-03-04,111.0859375,0.0
2005-03-07,111.15625,0.0
2005-03-08,110.6640625,0.0
2005-03-09,109.8359375,0.0
2005-03-10,110.1328125,0.0
2005-03-11,109.65625,0.0
2005-03-14,109.765625,0.0
2005-03-15,109.65625,0.0
2005-03-16,109.875,0.0
2005-03-17,110.1640625,0.0
2005-03-18,110.015625,0.0
2005-03-21,109.9375,0.0
2005-03-22,108.4140625,0.0
2005-03-23,108.359375,0.0
2005-03-24,108.4453125,0.0
2005-03-28,108.2265625,0.0
2005-03-29,108.515625,0.0
2005-03-30,108.75,0.0
2005-03-31,109.265625,0.0
2005-04-01,109.5234375,0.0
2005-04-04,109.5546875,0.0
2005-04-05,109.46875,0.0
2005-04-06,109.703125,0.0
2005-04-07,109.46875,0.0
2005-04-08,109.3359375,0.0
2005-04-11,109.625,0.0
2005-04-12,110.21875,0.0
2005-04-13,110.2265625,0.0
2005-04-14,110.3828125,0.0
2005-04-15,110.9453125,0.0
2005-04-18,111.109375,0.0
2005-04-19,111.4375,0.0
2005-04-20,111.3828125,0.0
2005-04-21,110.765625,0.0
2005-04-22,111.046875,0.0
2005-04-25,111.0234375,0.0
2005-04-26,110.96875,0.0
2005-04-27,111.203125,0.0
2005-04-28,111.6640625,0.0
2005-04-29,111.4140625,0.0
2005-05-02,111.5,0.0
2005-05-03,111.375,0.0
2005-05-04,111.578125,0.0
2005-05-05,111.828125,0.0
2005-05-06,111.015625,0.0
2005-05-09,110.9140625,0.0
2005-05-10,111.375,0.0
2005-05-11,111.5,0.0
2005-05-12,111.65625,0.0
2005-05-13,111.96875,0.0
2005-05-16,111.9765625,0.0
2005-05-17,112.078125,0.0
2005-05-18,112.4375,0.0
2005-05-19,112.125,0.0
2005-05-20,112.046875,0.0
2005-05-23,112.5234375,0.0
2005-05-24,113.0,0.0
2005-05-25,112.71875,273.0
2005-05-26,112.546875,272.0
2005-05-27,112.625,273.0
2005-05-31,112.8359375,274.0
2005-06-01,113.5234375,266.0
2005-06-02,113.578125,337.0
2005-06-03,112.9765625,320.0
2005-06-06,113.1328125,320.0
2005-06-07,113.578125,319.0
2005-06-08,113.375,317.0
2005-06-09,113.15625,315.0
2005-06-10,112.5234375,305.0
2005-06-13,112.265625,304.0
2005-06-14,112.0,301.0
2005-06-15,111.96875,301.0
2005-06-16,112.3046875,300.0
2005-06-17,112.1640625,301.0
2005-06-20,112.046875,301.0
2005-06-21,112.546875,297.0
2005-06-22,113.6328125,279.0
2005-06-23,113.5,278.0
2005-06-24,113.828125,277.0
2005-06-27,113.9375,282.0
2005-06-28,113.4375,276.0
2005-06-29,113.265625,276.0
2005-06-30,113.46875,276.0
2005-07-01,112.75,273.0
2005-07-05,112.15625,266.0
2005-07-06,112.40625,265.0
2005-07-07,112.625,265.0
2005-07-08,112.078125,260.0
2005-07-11,112.125,263.0
2005-07-12,111.875,263.0
2005-07-13,111.765625,263.0
2005-07-14,111.625,263.0
2005-07-15,111.703125,264.0
2005-07-18,111.515625,264.0
2005-07-19,111.75,277.0
2005-07-20,111.8828125,277.0
2005-07-21,111.0859375,268.0
2005-07-22,111.4140625,266.0
2005-07-25,111.2734375,266.0
2005-07-26,111.3046875,268.0
2005-07-27,111.15625,268.0
2005-07-28,111.6328125,263.0
2005-07-29,110.9765625,259.0
2005-08-01,110.6875,259.0
2005-08-02,110.5859375,259.0
2005-08-03,110.828125,262.0
2005-08-04,110.6640625,-267.0
2005-08-05,110.109375,-263.0
2005-08-08,109.9453125,-263.0
2005-08-09,110.1875,-262.0
2005-08-10,110.1875,-263.0
2005-08-11,110.625,-269.0
2005-08-12,111.1640625,-262.0
2005-08-15,110.9453125,-268.0
2005-08-16,111.328125,-265.0
2005-08-17,110.9453125,-267.0
2005-08-18,111.578125,-259.0
2005-08-19,111.578125,-260.0
2005-08-22,111.5859375,-267.0
2005-08-23,111.71875,-268.0
2005-08-24,111.75,-269.0
2005-08-25,111.859375,-269.0
2005-08-26,111.578125,-269.0
2005-08-29,111.7265625,-269.0
2005-08-30,112.4453125,-260.0
2005-08-31,112.9140625,-260.0
2005-09-01,113.125,-284.0
2005-09-02,113.109375,-284.0
2005-09-06,112.875,-286.0
2005-09-07,112.578125,-284.0
2005-09-08,112.5,-290.0
2005-09-09,112.5546875,290.0
2005-09-12,112.25,289.0
2005-09-13,112.546875,300.0
2005-09-14,112.265625,307.0
2005-09-15,111.828125,304.0
2005-09-16,111.4140625,301.0
2005-09-19,111.46875,309.0
2005-09-20,111.375,309.0
2005-09-21,111.6875,308.0
2005-09-22,111.2265625,302.0
2005-09-23,110.6640625,294.0
2005-09-26,110.359375,292.0
2005-09-27,110.265625,-293.0
2005-09-28,110.4375,-294.0
2005-09-29,110.25,-294.0
2005-09-30,109.9140625,-307.0
2005-10-03,109.5546875,-308.0
2005-10-04,109.609375,-308.0
2005-10-05,109.6640625,-308.0
2005-10-06,109.6640625,-308.0
2005-10-07,109.7265625,-316.0
2005-10-11,109.625,-329.0
2005-10-12,109.2265625,-327.0
2005-10-13,109.0,-326.0
2005-10-14,108.9140625,-328.0
2005-10-17,108.8828125,-329.0
2005-10-18,108.9765625,-339.0
2005-10-19,109.109375,-339.0
2005-10-20,109.125,-342.0
2005-10-21,109.5546875,-334.0
2005-10-24,109.1640625,-337.0
2005-10-25,108.7265625,-344.0
2005-10-26,108.2265625,-337.0
2005-10-27,108.46875,-341.0
2005-10-28,108.4140625,-345.0
2005-10-31,108.4453125,-367.0
2005-11-01,108.359375,-367.0
2005-11-02,108.125,-366.0
2005-11-03,107.75,-363.0
2005-11-04,107.703125,-364.0
2005-11-07,107.8359375,-363.0
2005-11-08,108.3046875,-352.0
2005-11-09,107.8828125,-349.0
2005-11-10,108.3359375,-365.0
2005-11-14,108.015625,-378.0
2005-11-15,108.3359375,-374.0
2005-11-16,108.828125,-357.0
2005-11-17,109.0234375,-355.0
2005-11-18,108.7265625,-355.0
2005-11-21,109.015625,-349.0
2005-11-22,109.2734375,-345.0
2005-11-23,108.9453125,-345.0
2005-11-25,109.265625,-344.0
2005-11-28,109.40625,-344.0
2005-11-29,108.8828125,-341.0
2005-11-30,108.7265625,-346.0
2005-12-01,108.578125,-346.0
2005-12-02,108.5859375,-346.0
2005-12-05,108.3046875,-350.0
2005-12-06,108.828125,-343.0
2005-12-07,108.703125,-354.0
2005-12-08,109.109375,-349.0
2005-12-09,108.5546875,-338.0
2005-12-12,108.4765625,-339.0
2005-12-13,108.625,-339.0
2005-12-14,109.15625,-331.0
2005-12-15,109.078125,-335.0
2005-12-16,109.203125,-335.0
2005-12-19,109.1875,-335.0
2005-12-20,109.078125,-334.0
2005-12-21,108.78125,-332.0
2005-12-22,109.15625,-326.0
2005-12-23,109.59375,-325.0
2005-12-27,109.828125,-326.0
2005-12-28,109.578125,-323.0
2005-12-29,109.578125,-324.0
2005-12-30,109.40625,-323.0
2006-01-03,109.65625,-321.0
2006-01-04,109.78125,-321.0
2006-01-05,109.78125,-327.0
2006-01-06,109.59375,-331.0
2006-01-09,109.59375,-339.0
2006-01-10,109.234375,-344.0
2006-01-11,109.0,-344.0
2006-01-12,109.34375,-339.0
2006-01-13,109.765625,-333.0
2006-01-17,109.859375,-334.0
2006-01-18,109.765625,-336.0
2006-01-19,109.5,-339.0
2006-01-20,109.578125,-339.0
2006-01-23,109.625,-339.0
2006-01-24,109.4375,-345.0
2006-01-25,108.828125,-337.0
2006-01-26,108.546875,-341.0
2006-01-27,108.65625,-346.0
2006-01-30,108.484375,-348.0
2006-01-31,108.4375,-359.0
2006-02-01,108.1875,-359.0
2006-02-02,108.1875,-362.0
2006-02-03,108.3125,-366.0
2006-02-06,108.265625,-370.0
2006-02-07,108.171875,-375.0
2006-02-08,107.984375,-379.0
2006-02-09,108.0625,-380.0
2006-02-10,107.828125,-392.0
2006-02-13,107.859375,-393.0
2006-02-14,107.6875,-393.0
2006-02-15,107.703125,-393.0
2006-02-16,107.78125,-397.0
2006-02-17,108.109375,-408.0
2006-02-21,107.9375,-407.0
2006-02-22,108.140625,-417.0
2006-02-23,107.828125,-433.0
2006-02-24,107.8125,-433.0
2006-02-27,107.6875,-434.0
2006-02-28,108.0,-451.0
2006-03-01,107.796875,-449.0
2006-03-02,107.453125,-442.0
2006-03-03,107.203125,-438.0
2006-03-06,106.890625,-432.0
2006-03-07,106.921875,-437.0
2006-03-08,106.9375,-453.0
2006-03-09,107.015625,-475.0
2006-03-10,106.921875,-484.0
2006-03-13,106.8125,-488.0
2006-03-14,107.34375,-453.0
2006-03-15,107.203125,-453.0
2006-03-16,107.796875,-426.0
2006-03-17,107.65625,-427.0
2006-03-20,107.796875,-425.0
2006-03-21,107.328125,-413.0
2006-03-22,107.375,-412.0
2006-03-23,107.0,-412.0
2006-03-24,107.484375,-396.0
2006-03-27,107.3125,-404.0
2006-03-28,106.78125,-403.0
2006-03-29,106.609375,-404.0
2006-03-30,106.3125,-401.0
2006-03-31,106.390625,-402.0
2006-04-03,106.21875,-403.0
2006-04-04,106.25,-403.0
2006-04-05,106.515625,-397.0
2006-04-06,106.234375,-414.0
2006-04-07,105.828125,-409.0
2006-04-10,105.84375,-411.0
2006-04-11,106.046875,-407.0
2006-04-12,105.734375,-403.0
2006-04-13,105.25,-393.0
2006-04-17,105.609375,-383.0
2006-04-18,105.921875,-377.0
2006-04-19,105.6875,-376.0
2006-04-20,105.625,-376.0
2006-04-21,105.703125,-376.0
2006-04-24,105.875,-374.0
2006-04-25,105.359375,-365.0
2006-04-26,105.125,-363.0
2006-04-27,105.40625,-359.0
2006-04-28,105.578125,-357.0
2006-05-01,105.140625,-351.0
2006-05-02,105.25,-356.0
2006-05-03,105.015625,-355.0
2006-05-04,104.96875,-358.0
2006-05-05,105.265625,-356.0
2006-05-08,105.1875,-356.0
2006-05-09,105.171875,-356.0
2006-05-10,105.125,-362.0
2006-05-11,104.984375,-363.0
2006-05-12,104.703125,-364.0
2006-05-15,104.9375,-362.0
2006-05-16,105.265625,-360.0
2006-05-17,105.015625,-358.0
2006-05-18,105.515625,-345.0
2006-05-19,105.578125,-345.0
2006-05-22,105.71875,-344.0
2006-05-23,105.53125,-343.0
2006-05-24,105.734375,-355.0
2006-05-25,105.46875,-353.0
2006-05-26,105.609375,-371.0
2006-05-30,105.390625,-369.0
2006-05-31,105.078125,-368.0
2006-06-01,105.140625,-376.0
2006-06-02,105.96875,-342.0
2006-06-05,105.75,-345.0
2006-06-06,105.84375,-356.0
2006-06-07,105.671875,-356.0
2006-06-08,105.859375,-366.0
2006-06-09,105.890625,-367.0
2006-06-12,105.875,-371.0
2006-06-13,106.015625,-371.0
2006-06-14,105.421875,-355.0
2006-06-15,105.140625,-352.0
2006-06-16,104.9375,-355.0
2006-06-19,104.84375,-358.0
2006-06-20,104.75,-364.0
2006-06-21,104.796875,-364.0
2006-06-22,104.328125,-357.0
2006-06-23,104.125,-360.0
2006-06-26,104.109375,-370.0
2006-06-27,104.296875,-375.0
2006-06-28,104.078125,-380.0
2006-06-29,104.40625,-375.0
2006-06-30,104.859375,-364.0
2006-07-03,104.78125,-364.0
2006-07-05,104.25,-354.0
2006-07-06,104.5,-362.0
2006-07-07,104.859375,-357.0
2006-07-10,104.875,-361.0
2006-07-11,105.078125,-361.0
2006-07-12,105.078125,-370.0
2006-07-13,105.28125,-369.0
2006-07-14,105.375,-371.0
2006-07-17,105.3125,-371.0
2006-07-18,104.859375,-365.0
2006-07-19,105.40625,-351.0
2006-07-20,105.625,-349.0
2006-07-21,105.5625,-349.0
2006-07-24,105.5625,-350.0
2006-07-25,105.4375,-353.0
2006-07-26,105.640625,-354.0
2006-07-27,105.640625,-358.0
2006-07-28,106.0,-356.0
2006-07-31,106.03125,-367.0
2006-08-01,106.03125,-367.0
2006-08-02,106.15625,-368.0
2006-08-03,106.171875,-370.0
2006-08-04,106.546875,-365.0
2006-08-07,106.375,367.0
2006-08-08,106.421875,368.0
2006-08-09,106.375,371.0
2006-08-10,106.359375,376.0
2006-08-11,106.0625,371.0
2006-08-14,105.8125,407.0
2006-08-15,106.28125,396.0
2006-08-16,106.703125,387.0
2006-08-17,106.65625,389.0
2006-08-18,106.859375,388.0
2006-08-21,106.9375,388.0
2006-08-22,106.96875,388.0
2006-08-23,106.90625,389.0
2006-08-24,106.9375,414.0
2006-08-25,107.03125,421.0
2006-08-28,106.9375,424.0
2006-08-29,106.96875,425.0
2006-08-30,107.125,426.0
2006-08-31,107.421875,421.0
2006-09-01,107.484375,444.0
2006-09-05,107.1875,439.0
2006-09-06,107.0625,436.0
2006-09-07,107.09375,438.0
2006-09-08,107.265625,443.0
2006-09-11,107.078125,444.0
2006-09-12,107.25,458.0
2006-09-13,107.3125,460.0
2006-09-14,107.125,491.0
2006-09-15,107.078125,494.0
2006-09-18,106.96875,504.0
2006-09-19,107.5,476.0
2006-09-20,107.609375,478.0
2006-09-21,107.96875,468.0
2006-09-22,108.328125,461.0
2006-09-25,108.578125,458.0
2006-09-26,108.390625,453.0
2006-09-27,108.34375,480.0
2006-09-28,108.15625,500.0
2006-09-29,108.0625,501.0
2006-10-02,108.203125,502.0
2006-10-03,108.203125,502.0
2006-10-04,108.578125,493.0
2006-10-05,108.25,479.0
2006-10-06,107.609375,433.0
2006-10-10,107.25,430.0
2006-10-11,106.984375,423.0
2006-10-12,107.046875,423.0
2006-10-13,106.875,421.0
2006-10-16,107.015625,420.0
2006-10-17,107.109375,430.0
2006-10-18,107.15625,432.0
2006-10-19,107.03125,431.0
2006-10-20,107.015625,431.0
2006-10-23,106.765625,426.0
2006-10-24,106.75,433.0
2006-10-25,107.078125,431.0
2006-10-26,107.46875,437.0
2006-10-27,107.75,445.0
2006-10-30,107.75,445.0
2006-10-31,108.21875,431.0
2006-11-01,108.53125,425.0
2006-11-02,108.3125,420.0
2006-11-03,107.46875,373.0
2006-11-06,107.515625,373.0
2006-11-07,107.859375,368.0
2006-11-08,108.046875,367.0
2006-11-09,108.0625,367.0
2006-11-10,108.28125,366.0
2006-11-13,108.15625,369.0
2006-11-14,108.390625,367.0
2006-11-15,108.03125,365.0
2006-11-16,107.75,361.0
2006-11-17,108.171875,354.0
2006-11-20,108.21875,355.0
2006-11-21,108.34375,356.0
2006-11-22,108.421875,357.0
2006-11-24,108.5,357.0
2006-11-27,108.59375,359.0
2006-11-28,108.8125,358.0
2006-11-29,108.71875,358.0
2006-11-30,109.109375,364.0
2006-12-01,109.40625,360.0
2006-12-04,109.375,365.0
2006-12-05,109.34375,371.0
2006-12-06,109.0625,369.0
2006-12-07,109.0625,371.0
2006-12-08,108.5625,359.0
2006-12-11,108.78125,358.0
2006-12-12,109.015625,357.0
2006-12-13,108.453125,343.0
2006-12-14,108.3125,342.0
2006-12-15,108.296875,348.0
2006-12-18,108.34375,353.0
2006-12-19,108.328125,373.0
2006-12-20,108.34375,381.0
2006-12-21,108.6875,380.0
2006-12-22,108.15625,364.0
2006-12-26,108.28125,365.0
2006-12-27,107.875,357.0
2006-12-28,107.59375,353.0
2006-12-29,107.46875,353.0
2007-01-02,107.59375,353.0
2007-01-03,107.75,352.0
2007-01-04,108.0625,351.0
2007-01-05,107.875,350.0
2007-01-08,107.8125,354.0
2007-01-09,107.8125,360.0
2007-01-10,107.6875,363.0
2007-01-11,107.3125,357.0
2007-01-12,107.125,367.0
2007-01-16,107.25,371.0
2007-01-17,107.0,-371.0
2007-01-18,107.1875,-409.0
2007-01-19,107.0625,-409.0
2007-01-22,107.15625,-417.0
2007-01-23,106.90625,-416.0
2007-01-24,106.875,-416.0
2007-01-25,106.5,-412.0
2007-01-26,106.4375,-412.0
2007-01-29,106.375,-418.0
2007-01-30,106.46875,-424.0
2007-01-31,106.75,-422.0
2007-02-01,106.6875,-438.0
2007-02-02,106.71875,-439.0
2007-02-05,106.84375,-439.0
2007-02-06,107.125,-431.0
2007-02-07,107.3125,-429.0
2007-02-08,107.34375,-430.0
2007-02-09,107.0,-427.0
2007-02-12,106.875,-426.0
2007-02-13,106.8125,-442.0
2007-02-14,107.34375,-424.0
2007-02-15,107.53125,-420.0
2007-02-16,107.59375,-419.0
2007-02-20,107.6875,-423.0
2007-02-21,107.59375,-423.0
2007-02-22,107.34375,-437.0
2007-02-23,107.6875,-430.0
2007-02-26,108.0,-427.0
2007-02-27,108.78125,-404.0
2007-02-28,108.5625,-402.0
2007-03-01,108.59375,-402.0
2007-03-02,108.84375,-398.0
2007-03-05,108.8125,-398.0
2007-03-06,108.75,-398.0
2007-03-07,108.9375,403.0
2007-03-08,108.9375,424.0
2007-03-09,108.375,402.0
2007-03-12,108.625,410.0
2007-03-13,109.0625,404.0
2007-03-14,108.9375,404.0
2007-03-15,108.875,404.0
2007-03-16,108.78125,404.0
2007-03-19,108.625,408.0
2007-03-20,108.78125,410.0
2007-03-21,108.5625,407.0
2007-03-22,108.53125,406.0
2007-03-23,108.375,406.0
2007-03-26,108.53125,415.0
2007-03-27,108.40625,417.0
2007-03-28,108.375,418.0
2007-03-29,108.25,422.0
2007-03-30,108.125,422.0
2007-04-02,108.15625,424.0
2007-04-03,108.0,422.0
2007-04-04,108.125,426.0
2007-04-05,107.96875,424.0
2007-04-06,107.40625,411.0
2007-04-09,107.4375,411.0
2007-04-10,107.59375,410.0
2007-04-11,107.5,410.0
2007-04-12,107.5,415.0
2007-04-13,107.3125,412.0
2007-04-16,107.46875,411.0
2007-04-17,107.8125,404.0
2007-04-18,108.03125,-406.0
2007-04-19,108.0,-408.0
2007-04-20,108.0,-408.0
2007-04-23,108.125,-417.0
2007-04-24,108.34375,-415.0
2007-04-25,108.1875,-414.0
2007-04-26,107.90625,-427.0
2007-04-27,107.84375,-429.0
2007-04-30,108.34375,-411.0
2007-05-01,108.21875,-410.0
2007-05-02,108.1875,-411.0
2007-05-03,107.96875,-412.0
2007-05-04,108.21875,416.0
2007-05-07,108.25,423.0
2007-05-08,108.28125,479.0
2007-05-09,107.96875,474.0
2007-05-10,108.15625,470.0
2007-05-11,107.96875,474.0
2007-05-14,107.84375,473.0
2007-05-15,107.6875,471.0
2007-05-16,107.6875,476.0
2007-05-17,107.375,467.0
2007-05-18,107.0625,490.0
2007-05-21,107.15625,498.0
2007-05-22,106.875,520.0
2007-05-23,106.71875,-519.0
2007-05-24,106.6875,-519.0
2007-05-25,106.65625,-520.0
2007-05-29,106.5,-520.0
2007-05-30,106.5,-525.0
2007-05-31,106.40625,-529.0
2007-06-01,105.96875,-508.0
2007-06-04,106.125,-504.0
2007-06-05,105.84375,-502.0
2007-06-06,105.96875,-499.0
2007-06-07,105.25,-451.0
2007-06-08,105.1875,-452.0
2007-06-11,105.15625,-452.0
2007-06-12,104.53125,-426.0
2007-06-13,104.71875,-421.0
2007-06-14,104.625,-424.0
2007-06-15,104.90625,-416.0
2007-06-18,105.09375,-431.0
2007-06-19,105.53125,-414.0
2007-06-20,105.25,-413.0
2007-06-21,104.75,-399.0
2007-06-22,104.96875,-395.0
2007-06-25,105.40625,-382.0
2007-06-26,105.28125,-384.0
2007-06-27,105.5,-388.0
2007-06-28,105.21875,-390.0
2007-06-29,105.71875,-373.0
2007-07-02,105.9375,-369.0
2007-07-03,105.59375,-366.0
2007-07-05,104.9375,-353.0
2007-07-06,104.625,-351.0
2007-07-09,104.84375,-349.0
2007-07-10,105.625,-322.0
2007-07-11,105.4375,-333.0
2007-07-12,105.125,-330.0
2007-07-13,105.15625,-330.0
2007-07-16,105.625,-321.0
2007-07-17,105.34375,-323.0
2007-07-18,105.84375,-313.0
2007-07-19,105.75,-313.0
2007-07-20,106.25,-306.0
2007-07-23,106.1875,-308.0
2007-07-24,106.34375,-307.0
2007-07-25,106.59375,-305.0
2007-07-26,107.53125,-283.0
2007-07-27,107.40625,-282.0
2007-07-30,107.21875,-284.0
2007-07-31,107.4375,-285.0
2007-08-01,107.46875,-285.0
2007-08-02,107.46875,-287.0
2007-08-03,107.875,-284.0
2007-08-06,107.6875,-283.0
2007-08-07,107.5625,-283.0
2007-08-08,106.875,-273.0
2007-08-09,107.375,-268.0
2007-08-10,107.5,268.0
2007-08-13,107.53125,272.0
2007-08-14,107.875,271.0
2007-08-15,108.1875,271.0
2007-08-16,108.875,263.0
2007-08-17,108.59375,273.0
2007-08-20,108.78125,273.0
2007-08-21,109.09375,272.0
2007-08-22,108.84375,281.0
2007-08-23,108.8125,281.0
2007-08-24,108.65625,280.0
2007-08-27,108.84375,281.0
2007-08-28,109.5,274.0
2007-08-29,109.40625,276.0
2007-08-30,109.84375,276.0
2007-08-31,109.5,280.0
2007-09-04,109.53125,280.0
2007-09-05,110.25,274.0
2007-09-06,109.96875,272.0
2007-09-07,111.0,256.0
2007-09-10,111.25,258.0
2007-09-11,110.875,257.0
2007-09-12,110.59375,255.0
2007-09-13,110.03125,251.0
2007-09-14,110.125,260.0
2007-09-17,110.0625,263.0
2007-09-18,110.1875,263.0
2007-09-19,109.75,267.0
2007-09-20,108.65625,245.0
2007-09-21,108.90625,247.0
2007-09-24,108.9375,247.0
2007-09-25,109.0625,249.0
2007-09-26,109.0625,251.0
2007-09-27,109.375,253.0
2007-09-28,109.28125,253.0
2007-10-01,109.34375,256.0
2007-10-02,109.609375,256.0
2007-10-03,109.46875,255.0
2007-10-04,109.625,256.0
2007-10-05,108.765625,255.0
2007-10-09,108.671875,256.0
2007-10-10,108.703125,256.0
2007-10-11,108.65625,257.0
2007-10-12,108.46875,256.0
2007-10-15,108.625,256.0
2007-10-16,108.796875,258.0
2007-10-17,109.5625,250.0
2007-10-18,109.890625,249.0
2007-10-19,110.5625,252.0
2007-10-22,110.53125,255.0
2007-10-23,110.515625,255.0
2007-10-24,111.03125,251.0
2007-10-25,110.859375,252.0
2007-10-26,110.640625,252.0
2007-10-29,110.65625,259.0
2007-10-30,110.65625,260.0
2007-10-31,110.015625,253.0
2007-11-02,111.34375,230.0
2007-11-05,111.15625,231.0
2007-11-06,110.875,229.0
2007-11-07,111.171875,229.0
2007-11-08,111.625,227.0
2007-11-09,111.984375,231.0
2007-11-13,111.71875,230.0
2007-11-14,111.59375,231.0
2007-11-15,112.375,227.0
2007-11-16,112.453125,227.0
2007-11-19,113.015625,229.0
2007-11-20,113.15625,230.0
2007-11-21,113.390625,242.0
2007-11-23,113.453125,243.0
2007-11-26,114.59375,230.0
2007-11-27,113.953125,225.0
2007-11-28,113.421875,226.0
2007-11-29,114.0,223.0
2007-11-30,113.921875,223.0
2007-12-03,114.578125,219.0
2007-12-04,114.65625,222.0
2007-12-05,114.703125,240.0
2007-12-06,114.171875,235.0
2007-12-07,113.3125,224.0
2007-12-10,113.171875,223.0
2007-12-11,114.390625,210.0
2007-12-12,113.734375,205.0
2007-12-13,113.21875,203.0
2007-12-14,112.796875,201.0
2007-12-17,113.171875,200.0
2007-12-18,113.640625,199.0
2007-12-19,113.75,199.0
2007-12-20,113.515625,206.0
2007-12-21,112.4375,195.0
2007-12-24,112.09375,194.0
2007-12-26,111.59375,192.0
2007-12-27,112.21875,190.0
2007-12-28,112.90625,187.0
2007-12-31,113.390625,186.0
2008-01-02,114.390625,184.0
2008-01-03,114.34375,184.0
2008-01-04,114.984375,184.0
2008-01-07,115.15625,184.0
2008-01-08,115.15625,185.0
2008-01-09,115.46875,185.0
2008-01-10,114.8125,182.0
2008-01-11,115.4375,181.0
2008-01-14,115.5,181.0
2008-01-15,116.09375,180.0
2008-01-16,116.03125,183.0
2008-01-17,116.546875,192.0
2008-01-18,116.671875,193.0
2008-01-22,117.828125,186.0
2008-01-23,118.203125,186.0
2008-01-24,116.671875,171.0
2008-01-25,117.046875,171.0
2008-01-28,117.0,171.0
2008-01-29,116.53125,170.0
2008-01-30,116.0,171.0
2008-01-31,116.71875,169.0
2008-02-01,117.046875,169.0
2008-02-04,116.8125,169.0
2008-02-05,117.4375,168.0
2008-02-06,117.3125,167.0
2008-02-07,116.53125,170.0
2008-02-08,117.078125,171.0
2008-02-11,117.328125,173.0
2008-02-12,116.890625,173.0
2008-02-13,116.984375,173.0
2008-02-14,116.234375,171.0
2008-02-15,116.4375,171.0
2008-02-19,115.625,168.0
2008-02-20,115.296875,169.0
2008-02-21,116.484375,166.0
2008-02-22,116.5,166.0
2008-02-25,115.625,169.0
2008-02-26,115.953125,171.0
2008-02-27,116.0625,173.0
2008-02-28,117.140625,169.0
2008-02-29,118.6875,160.0
2008-03-03,118.703125,160.0
2008-03-05,118.0,157.0
2008-03-06,118.53125,157.0
2008-03-07,119.3125,161.0
2008-03-10,120.09375,161.0
2008-03-11,118.703125,153.0
2008-03-12,119.71875,151.0
2008-03-13,119.59375,152.0
2008-03-14,120.90625,148.0
2008-03-17,121.6875,149.0
2008-03-18,120.703125,145.0
2008-03-19,120.9375,145.0
2008-03-20,121.0625,145.0
2008-03-24,118.21875,124.0
2008-03-25,118.53125,124.0
2008-03-26,118.65625,125.0
2008-03-27,118.359375,126.0
2008-03-28,118.703125,125.0
2008-03-31,118.953125,126.0
2008-04-01,117.71875,123.0
2008-04-02,117.421875,123.0
2008-04-03,117.421875,123.0
2008-04-04,118.3125,124.0
2008-04-07,117.484375,123.0
2008-04-08,117.46875,128.0
2008-04-09,118.1875,127.0
2008-04-10,117.546875,126.0
2008-04-11,118.203125,126.0
2008-04-14,117.921875,126.0
2008-04-15,117.40625,127.0
2008-04-16,116.59375,125.0
2008-04-17,116.359375,125.0
2008-04-18,116.140625,126.0
2008-04-21,116.390625,126.0
2008-04-22,116.25,127.0
2008-04-23,116.078125,128.0
2008-04-24,115.3125,127.0
2008-04-25,115.0625,127.0
2008-04-28,115.34375,127.0
2008-04-29,115.390625,128.0
2008-04-30,115.8125,128.0
2008-05-01,115.734375,129.0
2008-05-02,114.96875,-128.0
2008-05-05,115.078125,-131.0
2008-05-06,114.84375,-131.0
2008-05-07,115.109375,-133.0
2008-05-08,115.796875,-132.0
2008-05-09,116.0625,-132.0
2008-05-12,116.03125,-135.0
2008-05-13,114.921875,-138.0
2008-05-14,114.5625,-138.0
2008-05-15,115.28125,-138.0
2008-05-16,115.21875,-138.0
2008-05-19,115.40625,-140.0
2008-05-20,115.96875,-141.0
2008-05-21,115.640625,-146.0
2008-05-22,114.734375,-148.0
2008-05-23,115.515625,-146.0
2008-05-27,114.8125,-151.0
2008-05-28,114.125,-153.0
2008-05-29,113.703125,-155.0
2008-05-30,113.953125,-155.0
2008-06-02,114.84375,-152.0
2008-06-03,115.671875,-183.0
2008-06-04,115.4375,-184.0
2008-06-05,114.75,-182.0
2008-06-06,115.421875,-179.0
2008-06-09,114.65625,-177.0
2008-06-10,113.734375,-174.0
2008-06-11,113.984375,-181.0
2008-06-12,112.953125,-176.0
2008-06-13,112.59375,-176.0
2008-06-16,112.75,-181.0
2008-06-17,113.0625,-183.0
2008-06-18,113.65625,-180.0
2008-06-19,113.234375,-184.0
2008-06-20,112.484375,-183.0
2008-06-23,112.25,-186.0
2008-06-24,112.9375,-183.0
2008-06-25,112.78125,-184.0
2008-06-26,113.65625,-181.0
2008-06-27,113.828125,-181.0
2008-06-30,113.921875,-181.0
2008-07-01,113.875,-182.0
2008-07-02,114.21875,-181.0
2008-07-03,114.359375,-181.0
2008-07-07,114.84375,-183.0
2008-07-08,115.234375,-182.0
2008-07-09,115.5,-182.0
2008-07-10,115.671875,-182.0
2008-07-11,114.421875,-174.0
2008-07-14,114.96875,-173.0
2008-07-15,115.421875,-175.0
2008-07-16,114.875,-173.0
2008-07-17,113.890625,-169.0
2008-07-18,113.609375,-169.0
2008-07-21,113.765625,-171.0
2008-07-22,113.46875,-171.0
2008-07-23,113.015625,-170.0
2008-07-24,114.15625,-169.0
2008-07-25,113.4375,-167.0
2008-07-28,114.265625,-167.0
2008-07-29,114.109375,-166.0
2008-07-30,114.109375,-167.0
2008-07-31,114.828125,-166.0
2008-08-01,115.03125,-166.0
2008-08-04,114.84375,-170.0
2008-08-05,114.703125,-173.0
2008-08-06,114.484375,-175.0
2008-08-07,115.59375,-171.0
2008-08-08,115.3125,-172.0
2008-08-11,114.875,-171.0
2008-08-12,115.71875,-171.0
2008-08-13,115.40625,-174.0
2008-08-14,115.8125,-174.0
2008-08-15,116.09375,-176.0
2008-08-18,116.390625,-178.0
2008-08-19,116.265625,-182.0
2008-08-20,116.65625,187.0
2008-08-21,116.3125,186.0
2008-08-22,116.015625,194.0
2008-08-25,116.8125,191.0
2008-08-26,116.78125,191.0
2008-08-27,116.984375,191.0
2008-08-28,116.828125,193.0
2008-08-29,116.6875,194.0
2008-09-02,117.390625,197.0
2008-09-03,117.6875,197.0
2008-09-04,117.921875,200.0
2008-09-05,117.609375,199.0
2008-09-08,117.40625,204.0
2008-09-09,117.859375,202.0
2008-09-10,117.484375,201.0
2008-09-11,117.640625,201.0
2008-09-12,116.96875,197.0
2008-09-15,119.171875,169.0
2008-09-16,118.984375,169.0
2008-09-17,119.984375,166.0
2008-09-18,119.9375,166.0
2008-09-19,116.828125,133.0
2008-09-22,115.140625,130.0
2008-09-23,114.859375,130.0
2008-09-24,115.234375,130.0
2008-09-25,114.34375,129.0
2008-09-26,114.8125,131.0
2008-09-29,116.578125,125.0
2008-09-30,114.625,118.0
2008-10-01,115.09375,118.0
2008-10-02,115.5,118.0
2008-10-03,116.0,119.0
2008-10-06,117.96875,114.0
2008-10-07,117.140625,114.0
2008-10-08,114.9375,107.0
2008-10-09,113.53125,105.0
2008-10-10,113.546875,105.0
2008-10-14,112.140625,103.0
2008-10-15,111.96875,103.0
2008-10-16,112.296875,-103.0
2008-10-17,111.921875,-103.0
2008-10-20,113.015625,-103.0
2008-10-21,114.5,-101.0
2008-10-22,115.25,-100.0
2008-10-23,115.84375,-101.0
2008-10-24,115.125,-100.0
2008-10-27,115.125,-100.0
2008-10-28,114.359375,-100.0
2008-10-29,114.0625,-100.0
2008-10-30,113.578125,-100.0
2008-10-31,113.078125,-100.0
2008-11-03,113.796875,-99.0
2008-11-04,115.125,-98.0
2008-11-05,115.453125,-98.0
2008-11-06,115.453125,-98.0
2008-11-07,115.0625,-98.0
2008-11-10,115.53125,-98.0
2008-11-12,116.65625,-97.0
2008-11-13,116.40625,-97.0
2008-11-14,116.921875,-97.0
2008-11-17,117.453125,-97.0
2008-11-18,118.46875,-96.0
2008-11-19,119.25,95.0
2008-11-20,120.71875,94.0
2008-11-21,120.484375,94.0
2008-11-24,119.390625,93.0
2008-11-25,121.171875,91.0
2008-11-26,122.359375,93.0
2008-11-28,122.890625,93.0
2008-12-01,124.828125,91.0
2008-12-02,125.25,91.0
2008-12-03,125.953125,100.0
2008-12-04,126.640625,104.0
2008-12-05,125.625,103.0
2008-12-08,125.328125,102.0
2008-12-09,125.90625,104.0
2008-12-10,125.671875,103.0
2008-12-11,126.71875,105.0
2008-12-12,127.1875,112.0
2008-12-15,127.484375,112.0
2008-12-16,129.203125,109.0
2008-12-17,129.703125,109.0
2008-12-18,130.09375,113.0
2008-12-19,129.859375,114.0
2008-12-22,129.859375,125.0
2008-12-23,127.140625,114.0
2008-12-24,126.71875,113.0
2008-12-26,127.328125,118.0
2008-12-29,127.75,118.0
2008-12-30,127.296875,117.0
2008-12-31,125.75,113.0
2009-01-02,124.296875,110.0
2009-01-05,124.171875,112.0
2009-01-06,124.359375,112.0
2009-01-07,124.484375,112.0
2009-01-08,125.3125,113.0
2009-01-09,125.546875,113.0
2009-01-12,126.328125,114.0
2009-01-13,126.21875,114.0
2009-01-14,126.96875,115.0
2009-01-15,127.015625,116.0
2009-01-16,126.53125,115.0
2009-01-20,126.265625,116.0
2009-01-21,124.75,112.0
2009-01-22,124.140625,111.0
2009-01-23,123.90625,111.0
2009-01-26,123.65625,111.0
2009-01-27,124.71875,111.0
2009-01-28,123.84375,110.0
2009-01-29,122.828125,109.0
2009-01-30,122.671875,109.0
2009-02-02,123.71875,109.0
2009-02-03,122.546875,107.0
2009-02-04,122.109375,110.0
2009-02-05,122.375,110.0
2009-02-06,121.828125,111.0
2009-02-09,121.5625,115.0
2009-02-10,123.09375,114.0
2009-02-11,123.671875,114.0
2009-02-12,124.15625,119.0
2009-02-13,122.703125,116.0
2009-02-17,124.4375,112.0
2009-02-18,123.671875,112.0
2009-02-19,122.53125,112.0
2009-02-20,123.3125,111.0
2009-02-23,123.171875,112.0
2009-02-24,122.859375,112.0
2009-02-25,121.625,112.0
2009-02-26,121.71875,112.0
2009-02-27,121.703125,112.0
2009-03-02,123.03125,114.0
2009-03-03,122.6875,115.0
2009-03-04,121.953125,115.0
2009-03-05,123.453125,111.0
2009-03-06,123.453125,111.0
2009-03-09,123.171875,122.0
2009-03-10,122.34375,121.0
2009-03-11,122.921875,121.0
2009-03-12,123.125,121.0
2009-03-13,123.3125,121.0
2009-03-16,122.875,125.0
2009-03-17,122.390625,129.0
2009-03-18,126.796875,100.0
2009-03-19,126.0,99.0
2009-03-20,125.859375,99.0
2009-03-23,124.28125,98.0
2009-03-24,124.1875,98.0
2009-03-25,123.171875,97.0
2009-03-26,123.65625,97.0
2009-03-27,123.328125,98.0
2009-03-30,123.765625,98.0
2009-03-31,124.078125,98.0
2009-04-01,124.28125,98.0
2009-04-02,123.375,99.0
2009-04-03,121.96875,-97.0
2009-04-06,121.84375,-97.0
2009-04-07,122.1875,-97.0
2009-04-08,122.75,-98.0
2009-04-09,122.328125,-99.0
2009-04-13,123.109375,-99.0
2009-04-14,123.59375,-99.0
2009-04-15,123.796875,-100.0
2009-04-16,123.21875,-101.0
2009-04-17,122.28125,-100.0
2009-04-20,123.03125,-100.0
2009-04-21,122.40625,-100.0
2009-04-22,121.921875,-100.0
2009-04-23,122.078125,-102.0
2009-04-24,121.546875,-102.0
2009-04-27,122.296875,-102.0
2009-04-28,121.671875,-104.0
2009-04-29,121.125,-107.0
2009-04-30,120.9375,-108.0
2009-05-01,120.75,-109.0
2009-05-04,120.90625,-110.0
2009-05-05,120.953125,-110.0
2009-05-06,121.109375,-110.0
2009-05-07,120.25,-111.0
2009-05-08,120.359375,-111.0
2009-05-11,121.265625,-110.0
2009-05-12,121.296875,-113.0
2009-05-13,121.734375,-112.0
2009-05-14,121.671875,-113.0
2009-05-15,121.515625,-117.0
2009-05-18,120.828125,-116.0
2009-05-19,120.65625,-116.0
2009-05-20,120.953125,-117.0
2009-05-21,119.921875,-116.0
2009-05-22,119.171875,-115.0
2009-05-26,118.734375,-115.0
2009-05-27,117.515625,-114.0
2009-05-28,117.515625,-114.0
2009-05-29,118.625,-161.0
2009-06-01,117.046875,-155.0
2009-06-02,117.234375,-154.0
2009-06-03,117.828125,-160.0
2009-06-04,116.703125,-156.0
2009-06-05,115.125,-152.0
2009-06-08,114.984375,-153.0
2009-06-09,115.390625,-152.0
2009-06-10,115.078125,-153.0
2009-06-11,115.71875,-152.0
2009-06-12,116.03125,-151.0
2009-06-15,116.453125,-152.0
2009-06-16,116.75,-158.0
2009-06-17,116.96875,-157.0
2009-06-18,115.65625,-153.0
2009-06-19,116.03125,-154.0
2009-06-22,115.140625,-152.0
2009-06-23,115.484375,-154.0
2009-06-24,115.1875,-156.0
2009-06-25,116.203125,-151.0
2009-06-26,116.40625,-151.0
2009-06-29,116.453125,-154.0
2009-06-30,116.265625,-156.0
2009-07-01,116.265625,-157.0
2009-07-02,116.84375,-156.0
2009-07-06,116.84375,-156.0
2009-07-07,117.28125,-156.0
2009-07-08,118.625,-151.0
2009-07-09,117.859375,-150.0
2009-07-10,118.703125,-148.0
2009-07-13,118.328125,-148.0
2009-07-14,117.78125,-147.0
2009-07-15,116.703125,-144.0
2009-07-16,117.015625,-144.0
2009-07-17,116.390625,-143.0
2009-07-20,117.0,-144.0
2009-07-21,117.78125,-142.0
2009-07-22,117.234375,-144.0
2009-07-23,116.03125,-140.0
2009-07-24,116.375,-140.0
2009-07-27,116.046875,-140.0
2009-07-28,116.078125,-140.0
2009-07-29,116.0,-141.0
2009-07-30,116.1875,-141.0
2009-07-31,117.28125,-138.0
2009-08-03,116.1875,-137.0
2009-08-04,116.046875,-138.0
2009-08-05,115.515625,-138.0
2009-08-06,115.75,-142.0
2009-08-07,114.9375,-140.0
2009-08-10,115.640625,-142.0
2009-08-11,116.09375,-149.0
2009-08-12,116.171875,-149.0
2009-08-13,117.015625,-148.0
2009-08-14,117.265625,-152.0
2009-08-17,117.75,-162.0
2009-08-18,117.515625,-161.0
2009-08-19,117.96875,-161.0
2009-08-20,118.109375,-162.0
2009-08-21,117.15625,-159.0
2009-08-24,117.5625,-159.0
2009-08-25,117.875,-159.0
2009-08-26,118.0,-159.0
2009-08-27,117.859375,-159.0
2009-08-28,118.03125,-167.0
2009-08-31,118.546875,-167.0
2009-09-01,118.859375,-171.0
2009-09-02,119.390625,-170.0
2009-09-03,119.09375,-170.0
2009-09-04,118.390625,-172.0
2009-09-08,118.4375,-172.0
2009-09-09,118.375,-172.0
2009-09-10,119.28125,169.0
2009-09-11,119.359375,169.0
2009-09-14,118.984375,169.0
2009-09-15,118.65625,168.0
2009-09-16,118.375,169.0
2009-09-17,118.890625,177.0
2009-09-18,118.328125,178.0
2009-09-21,118.75,181.0
2009-09-22,117.03125,167.0
2009-09-23,117.4375,167.0
2009-09-24,117.703125,173.0
2009-09-25,117.984375,173.0
2009-09-28,118.1875,175.0
2009-09-29,118.296875,177.0
2009-09-30,118.328125,180.0
2009-10-01,119.265625,177.0
2009-10-02,119.21875,187.0
2009-10-05,119.1875,187.0
2009-10-06,119.125,188.0
2009-10-07,119.71875,186.0
2009-10-08,119.15625,184.0
2009-10-09,118.28125,179.0
2009-10-13,118.90625,183.0
2009-10-14,118.15625,188.0
2009-10-15,117.765625,187.0
2009-10-16,118.125,188.0
2009-10-19,118.234375,188.0
2009-10-20,118.640625,193.0
2009-10-21,118.015625,193.0
2009-10-22,117.96875,194.0
2009-10-23,117.59375,193.0
2009-10-26,117.078125,196.0
2009-10-27,117.921875,191.0
2009-10-28,118.25,192.0
2009-10-29,117.71875,190.0
2009-10-30,118.609375,186.0
2009-11-02,118.484375,186.0
2009-11-03,118.15625,192.0
2009-11-04,117.828125,192.0
2009-11-05,118.078125,192.0
2009-11-06,118.421875,192.0
2009-11-09,118.53125,192.0
2009-11-10,118.578125,192.0
2009-11-11,119.03125,192.0
2009-11-12,118.921875,193.0
2009-11-13,118.953125,195.0
2009-11-16,119.6875,192.0
2009-11-17,119.75,195.0
2009-11-18,119.4375,195.0
2009-11-19,119.65625,194.0
2009-11-20,119.5625,201.0
2009-11-23,119.625,201.0
2009-11-24,120.09375,200.0
2009-11-25,120.46875,200.0
2009-11-27,121.078125,198.0
2009-11-30,121.171875,200.0
2009-12-01,120.828125,202.0
2009-12-02,120.40625,201.0
2009-12-03,120.0625,232.0
2009-12-04,119.203125,224.0
2009-12-07,119.578125,223.0
2009-12-08,120.140625,220.0
2009-12-09,120.03125,220.0
2009-12-10,119.515625,217.0
2009-12-11,119.015625,215.0
2009-12-14,118.921875,224.0
2009-12-15,118.609375,223.0
2009-12-16,118.71875,223.0
2009-12-17,119.53125,216.0
2009-12-18,119.109375,217.0
2009-12-21,118.296875,214.0
2009-12-22,118.296875,222.0
2009-12-23,116.125,186.0
2009-12-24,115.71875,189.0
2009-12-28,115.515625,189.0
2009-12-29,115.65625,190.0
2009-12-30,115.84375,-190.0
2009-12-31,115.453125,-191.0
2010-01-04,115.53125,-193.0
2010-01-05,116.203125,-189.0
2010-01-06,115.96875,-190.0
2010-01-07,115.84375,-191.0
2010-01-08,116.03125,-197.0
2010-01-11,116.03125,-198.0
2010-01-12,116.75,-195.0
2010-01-13,116.390625,-201.0
2010-01-14,116.75,-200.0
2010-01-15,117.28125,-198.0
2010-01-19,117.078125,-199.0
2010-01-20,117.40625,-198.0
2010-01-21,117.8125,-198.0
2010-01-22,117.90625,-198.0
2010-01-25,117.734375,-198.0
2010-01-26,117.828125,-200.0
2010-01-27,117.65625,-200.0
2010-01-28,117.703125,-200.0
2010-01-29,118.15625,-202.0
2010-02-01,117.859375,-202.0
2010-02-02,118.015625,-202.0
2010-02-03,117.578125,-201.0
2010-02-04,118.25,-197.0
2010-02-05,118.859375,-194.0
2010-02-08,118.484375,-195.0
2010-02-09,118.234375,-196.0
2010-02-10,117.90625,-199.0
2010-02-11,117.765625,-199.0
2010-02-12,118.078125,-199.0
2010-02-16,118.3125,-199.0
2010-02-17,117.671875,-197.0
2010-02-18,117.203125,-201.0
2010-02-19,117.1875,-203.0
2010-02-22,117.1875,-206.0
2010-02-23,118.046875,-199.0
2010-02-24,118.078125,-201.0
2010-02-25,118.5625,-201.0
2010-02-26,118.90625,-200.0
2010-03-01,118.875,-200.0
2010-03-02,118.890625,-201.0
2010-03-03,118.90625,-206.0
2010-03-04,118.96875,208.0
2010-03-05,118.5,212.0
2010-03-08,118.375,212.0
2010-03-09,118.515625,283.0
2010-03-10,118.34375,287.0
2010-03-11,118.25,288.0
2010-03-12,118.25,288.0
2010-03-15,118.3125,289.0
2010-03-16,118.765625,290.0
2010-03-17,118.765625,290.0
2010-03-18,118.5,297.0
2010-03-19,118.359375,298.0
2010-03-22,118.640625,297.0
2010-03-23,117.28125,256.0
2010-03-24,116.09375,234.0
2010-03-25,115.546875,238.0
2010-03-26,115.953125,-237.0
2010-03-29,115.9375,-239.0
2010-03-30,115.9375,-243.0
2010-03-31,116.25,-242.0
2010-04-01,116.03125,-243.0
2010-04-02,115.34375,-240.0
2010-04-05,115.0,-239.0
2010-04-06,115.21875,-238.0
2010-04-07,116.015625,-229.0
2010-04-08,115.8125,-229.0
2010-04-09,115.90625,-229.0
2010-04-12,116.25,-230.0
2010-04-13,116.578125,-229.0
2010-04-14,116.28125,-229.0
2010-04-15,116.390625,-231.0
2010-04-16,117.078125,-231.0
2010-04-19,116.796875,-235.0
2010-04-20,116.765625,-237.0
2010-04-21,117.1875,-235.0
2010-04-22,116.828125,-234.0
2010-04-23,116.453125,-233.0
2010-04-26,116.578125,-234.0
2010-04-27,117.65625,-220.0
2010-04-28,117.0,-220.0
2010-04-29,117.4375,-220.0
2010-04-30,117.90625,-218.0
2010-05-03,117.484375,-216.0
2010-05-04,118.140625,-219.0
2010-05-05,118.671875,-217.0
2010-05-06,119.921875,-204.0
2010-05-07,119.6875,-205.0
2010-05-10,118.9375,200.0
2010-05-11,119.015625,200.0
2010-05-12,118.796875,199.0
2010-05-13,118.859375,199.0
2010-05-14,119.765625,195.0
2010-05-17,119.578125,195.0
2010-05-18,120.203125,192.0
2010-05-19,120.25,192.0
2010-05-20,120.953125,190.0
2010-05-21,121.3125,189.0
2010-05-24,121.171875,189.0
2010-05-25,121.671875,188.0
2010-05-26,121.15625,186.0
2010-05-27,120.3125,182.0
2010-05-28,120.671875,181.0
2010-06-01,120.671875,182.0
2010-06-02,120.375,194.0
2010-06-03,120.1875,207.0
2010-06-04,121.546875,197.0
2010-06-07,121.65625,198.0
2010-06-08,121.8125,198.0
2010-06-09,121.640625,197.0
2010-06-10,120.625,189.0
2010-06-11,121.390625,186.0
2010-06-14,120.953125,188.0
2010-06-15,120.71875,189.0
2010-06-16,120.890625,189.0
2010-06-17,121.546875,190.0
2010-06-18,121.265625,190.0
2010-06-21,121.15625,190.0
2010-06-22,120.90625,189.0
2010-06-23,121.359375,189.0
2010-06-24,121.328125,190.0
2010-06-25,121.484375,190.0
2010-06-28,122.140625,190.0
2010-06-29,122.53125,190.0
2010-06-30,122.546875,190.0
2010-07-01,122.609375,191.0
2010-07-02,122.3125,192.0
2010-07-06,122.734375,193.0
2010-07-07,122.4375,191.0
2010-07-08,122.15625,197.0
2010-07-09,121.921875,201.0
2010-07-12,122.109375,202.0
2010-07-13,121.65625,201.0
2010-07-14,122.234375,201.0
2010-07-15,122.78125,202.0
2010-07-16,123.203125,202.0
2010-07-19,123.03125,215.0
2010-07-20,123.234375,215.0
2010-07-21,123.5,222.0
2010-07-22,123.171875,221.0
2010-07-23,122.671875,218.0
2010-07-26,122.734375,218.0
2010-07-27,122.328125,223.0
2010-07-28,122.859375,221.0
2010-07-29,123.09375,225.0
2010-07-30,123.8125,220.0
2010-08-02,123.421875,222.0
2010-08-03,123.984375,220.0
2010-08-04,123.625,219.0
2010-08-05,123.890625,221.0
2010-08-06,124.578125,220.0
2010-08-09,124.515625,229.0
2010-08-10,124.984375,228.0
2010-08-11,125.609375,225.0
2010-08-12,125.34375,225.0
2010-08-13,125.578125,226.0
2010-08-16,126.203125,244.0
2010-08-17,125.671875,238.0
2010-08-18,125.609375,238.0
2010-08-19,125.953125,238.0
2010-08-20,125.53125,252.0
2010-08-23,125.65625,260.0
2010-08-24,126.40625,258.0
2010-08-25,125.921875,254.0
2010-08-26,126.21875,253.0
2010-08-27,125.1875,239.0
2010-08-30,126.09375,232.0
2010-08-31,126.5,231.0
2010-09-01,125.734375,224.0
2010-09-02,125.5,224.0
2010-09-03,125.0,220.0
2010-09-07,125.828125,214.0
2010-09-08,125.421875,216.0
2010-09-09,124.65625,210.0
2010-09-10,124.421875,209.0
2010-09-13,124.9375,207.0
2010-09-14,125.453125,206.0
2010-09-15,125.21875,207.0
2010-09-16,125.0,207.0
2010-09-17,125.234375,208.0
2010-09-20,125.515625,209.0
2010-09-21,125.75,208.0
2010-09-22,125.5625,210.0
2010-09-23,125.578125,213.0
2010-09-24,125.21875,213.0
2010-09-27,125.953125,210.0
2010-09-28,126.4375,209.0
2010-09-29,126.15625,208.0
2010-09-30,126.046875,208.0
2010-10-01,126.078125,210.0
2010-10-04,126.46875,212.0
2010-10-05,126.640625,212.0
2010-10-06,127.09375,213.0
2010-10-07,127.140625,215.0
2010-10-08,127.3125,215.0
2010-10-11,127.4375,219.0
2010-10-12,127.078125,219.0
2010-10-13,127.21875,222.0
2010-10-14,126.671875,220.0
2010-10-15,126.234375,218.0
2010-10-18,126.890625,218.0
2010-10-19,127.03125,218.0
2010-10-20,127.046875,220.0
2010-10-21,126.640625,222.0
2010-10-22,126.421875,222.0
2010-10-25,126.421875,223.0
2010-10-26,125.71875,221.0
2010-10-27,125.21875,222.0
2010-10-28,125.859375,217.0
2010-10-29,126.28125,217.0
2010-11-01,126.3125,219.0
2010-11-02,126.53125,218.0
2010-11-03,126.578125,224.0
2010-11-04,127.75,213.0
2010-11-05,127.421875,212.0
2010-11-08,127.359375,224.0
2010-11-09,126.53125,225.0
2010-11-10,126.96875,225.0
2010-11-11,126.484375,229.0
2010-11-12,125.9375,226.0
2010-11-15,124.765625,214.0
2010-11-16,125.046875,220.0
2010-11-17,124.875,221.0
2010-11-18,124.484375,226.0
2010-11-19,124.515625,227.0
2010-11-22,125.09375,226.0
2010-11-23,125.40625,228.0
2010-11-24,124.28125,215.0
2010-11-26,124.59375,214.0
2010-11-29,124.875,214.0
2010-11-30,125.046875,215.0
2010-12-01,123.859375,203.0
2010-12-02,123.484375,202.0
2010-12-03,123.703125,-201.0
2010-12-06,124.3125,-199.0
2010-12-07,122.5,-181.0
2010-12-08,121.875,-181.0
2010-12-09,121.765625,-182.0
2010-12-10,121.265625,-181.0
2010-12-13,121.703125,-179.0
2010-12-14,120.421875,-173.0
2010-12-15,120.015625,-173.0
2010-12-16,120.375,-173.0
2010-12-17,121.40625,-167.0
2010-12-20,121.265625,-167.0
2010-12-21,121.25,-167.0
2010-12-22,120.0,-162.0
2010-12-23,119.59375,-162.0
2010-12-27,119.9375,-162.0
2010-12-28,119.03125,-160.0
2010-12-29,120.25,-155.0
2010-12-30,119.984375,-155.0
2010-12-31,120.4375,-154.0
2011-01-03,120.171875,-154.0
2011-01-04,120.3125,-154.0
2011-01-05,119.234375,-151.0
2011-01-06,119.8125,-150.0
2011-01-07,120.671875,-147.0
2011-01-10,120.875,-149.0
2011-01-11,120.546875,-150.0
2011-01-12,120.5625,-150.0
2011-01-13,121.109375,-149.0
2011-01-14,120.859375,-149.0
2011-01-18,120.59375,-155.0
2011-01-19,120.78125,-154.0
2011-01-20,119.828125,-152.0
2011-01-21,120.15625,-153.0
2011-01-24,120.234375,-154.0
2011-01-25,120.921875,-152.0
2011-01-26,120.25,-152.0
2011-01-27,120.671875,-155.0
2011-01-28,121.15625,-154.0
2011-01-31,120.796875,-154.0
2011-02-01,120.296875,-154.0
2011-02-02,119.890625,-153.0
2011-02-03,119.4375,-155.0
2011-02-04,118.578125,-153.0
2011-02-07,118.609375,-157.0
2011-02-08,117.984375,-157.0
2011-02-09,118.578125,-155.0
2011-02-10,118.125,-155.0
2011-02-11,118.5,-159.0
2011-02-14,118.625,-159.0
2011-02-15,118.640625,-159.0
2011-02-16,118.59375,-161.0
2011-02-17,119.015625,-174.0
2011-02-18,119.0625,-176.0
2011-02-22,120.09375,-170.0
2011-02-23,119.8125,-171.0
2011-02-24,120.046875,-171.0
2011-02-25,120.171875,-180.0
2011-02-28,120.34375,-181.0
2011-03-01,120.4375,-182.0
2011-03-02,120.0625,-188.0
2011-03-03,119.234375,-184.0
2011-03-04,120.0,-180.0
2011-03-07,120.03125,-190.0
2011-03-08,119.765625,-190.0
2011-03-09,120.3125,-189.0
2011-03-10,120.953125,-193.0
2011-03-11,121.0,-204.0
2011-03-14,121.515625,-203.0
2011-03-15,121.609375,-204.0
2011-03-16,122.46875,-199.0
2011-03-17,122.15625,-198.0
2011-03-18,121.953125,-208.0
2011-03-21,121.53125,-209.0
2011-03-22,121.203125,-215.0
2011-03-23,119.96875,-201.0
2011-03-24,119.5,-200.0
2011-03-25,119.1875,-200.0
2011-03-28,119.078125,-202.0
2011-03-29,118.765625,-202.0
2011-03-30,119.125,-201.0
2011-03-31,119.03125,-202.0
2011-04-01,118.96875,-209.0
2011-04-04,119.21875,-210.0
2011-04-05,118.765625,-208.0
2011-04-06,118.375,-212.0
2011-04-07,118.46875,-216.0
2011-04-08,118.375,-218.0
2011-04-11,118.453125,-221.0
2011-04-12,119.09375,-217.0
2011-04-13,119.390625,-218.0
2011-04-14,119.203125,-219.0
2011-04-15,119.8125,-218.0
2011-04-18,120.1875,-225.0
2011-04-19,120.25,-225.0
2011-04-20,119.90625,-228.0
2011-04-21,119.984375,-232.0
2011-04-25,120.328125,-234.0
2011-04-26,120.671875,-234.0
2011-04-27,120.421875,-233.0
2011-04-28,120.953125,-230.0
2011-04-29,121.140625,-230.0
2011-05-02,121.234375,-232.0
2011-05-03,121.4375,-231.0
2011-05-04,121.640625,-245.0
2011-05-05,122.0625,244.0
2011-05-06,122.28125,244.0
2011-05-09,122.46875,244.0
2011-05-10,122.09375,242.0
2011-05-11,122.421875,240.0
2011-05-12,122.171875,242.0
2011-05-13,122.5,252.0
2011-05-16,122.75,260.0
2011-05-17,122.9375,260.0
2011-05-18,122.53125,258.0
2011-05-19,122.609375,263.0
2011-05-20,122.8125,269.0
2011-05-23,123.0,268.0
2011-05-24,123.078125,273.0
2011-05-25,123.140625,273.0
2011-05-26,123.75,281.0
2011-05-27,123.859375,283.0
2011-05-31,124.03125,284.0
2011-06-01,124.734375,280.0
2011-06-02,124.390625,279.0
2011-06-03,124.734375,326.0
2011-06-06,124.75,338.0
2011-06-07,124.65625,343.0
2011-06-08,125.09375,341.0
2011-06-09,124.65625,336.0
2011-06-10,124.921875,337.0
2011-06-13,124.765625,336.0
2011-06-14,123.984375,310.0
2011-06-15,125.109375,283.0
2011-06-16,125.578125,288.0
2011-06-17,125.375,293.0
2011-06-20,125.3125,292.0
2011-06-21,125.25,292.0
2011-06-22,123.65625,237.0
2011-06-23,124.34375,237.0
2011-06-24,124.734375,236.0
2011-06-27,124.40625,235.0
2011-06-28,123.328125,222.0
2011-06-29,122.84375,219.0
2011-06-30,122.328125,216.0
2011-07-01,121.984375,216.0
2011-07-05,122.65625,212.0
2011-07-06,122.984375,212.0
2011-07-07,122.46875,210.0
2011-07-08,123.71875,198.0
2011-07-11,124.546875,196.0
2011-07-12,124.625,196.0
2011-07-13,124.796875,196.0
2011-07-14,124.4375,194.0
2011-07-15,124.859375,194.0
2011-07-18,124.921875,195.0
2011-07-19,124.921875,195.0
2011-07-20,124.59375,194.0
2011-07-21,124.0,192.0
2011-07-22,124.328125,192.0
2011-07-25,124.125,192.0
2011-07-26,124.53125,192.0
2011-07-27,124.234375,192.0
2011-07-28,124.5,191.0
2011-07-29,125.6875,184.0
2011-08-01,126.140625,183.0
2011-08-02,126.953125,180.0
2011-08-03,127.046875,180.0
2011-08-04,128.0,176.0
2011-08-05,127.046875,170.0
2011-08-08,128.578125,161.0
2011-08-09,129.828125,156.0
2011-08-10,130.0625,156.0
2011-08-11,129.21875,154.0
2011-08-12,129.875,154.0
2011-08-15,129.5625,153.0
2011-08-16,130.078125,153.0
2011-08-17,130.359375,153.0
2011-08-18,130.78125,153.0
2011-08-19,130.796875,154.0
2011-08-22,130.59375,153.0
2011-08-23,130.328125,153.0
2011-08-24,129.578125,153.0
2011-08-25,129.984375,157.0
2011-08-26,130.28125,157.0
2011-08-29,129.71875,156.0
2011-08-30,130.390625,155.0
2011-08-31,130.03125,154.0
2011-09-01,130.609375,166.0
2011-09-02,131.296875,166.0
2011-09-06,131.21875,166.0
2011-09-07,130.890625,166.0
2011-09-08,131.234375,173.0
2011-09-09,131.765625,174.0
2011-09-12,131.46875,176.0
2011-09-13,131.0625,175.0
2011-09-14,130.890625,176.0
2011-09-15,130.40625,174.0
2011-09-16,130.484375,176.0
2011-09-19,131.421875,180.0
2011-09-20,131.34375,182.0
2011-09-21,131.671875,182.0
2011-09-22,131.75,182.0
2011-09-23,130.96875,179.0
2011-09-26,130.34375,176.0
2011-09-27,129.5625,172.0
2011-09-28,129.671875,172.0
2011-09-29,129.984375,173.0
2011-09-30,130.09375,175.0
2011-10-03,130.984375,172.0
2011-10-04,130.953125,173.0
2011-10-05,130.109375,168.0
2011-10-06,129.515625,167.0
2011-10-07,128.890625,165.0
2011-10-10,127.5859375,162.0
2011-10-11,128.234375,161.0
2011-10-12,127.921875,163.0
2011-10-13,128.4375,162.0
2011-10-14,128.125,166.0
2011-10-17,128.71875,169.0
2011-10-18,128.828125,181.0
2011-10-19,128.84375,191.0
2011-10-20,128.703125,192.0
2011-10-21,128.65625,197.0
2011-10-24,128.34375,200.0
2011-10-25,129.125,195.0
2011-10-26,128.578125,195.0
2011-10-27,127.3125,186.0
2011-10-28,128.09375,183.0
2011-10-31,129.0625,177.0
2011-11-01,130.25,169.0
2011-11-02,130.3125,169.0
2011-11-03,130.046875,172.0
2011-11-04,130.25,173.0
2011-11-07,130.546875,173.0
2011-11-08,130.046875,173.0
2011-11-09,130.8125,172.0
2011-11-10,130.34375,172.0
2011-11-11,129.7734375,172.0
2011-11-14,130.453125,172.0
2011-11-15,130.328125,172.0
2011-11-16,130.5,172.0
2011-11-17,130.828125,172.0
2011-11-18,130.296875,172.0
2011-11-21,130.578125,172.0
2011-11-22,130.796875,173.0
2011-11-23,131.21875,172.0
2011-11-25,130.65625,172.0
2011-11-28,130.71875,172.0
2011-11-29,130.46875,176.0
2011-11-30,130.15625,176.0
2011-12-01,129.984375,176.0
2011-12-02,130.5,175.0
2011-12-05,130.40625,178.0
2011-12-06,130.15625,180.0
2011-12-07,130.765625,181.0
2011-12-08,131.171875,181.0
2011-12-09,130.640625,179.0
2011-12-12,131.03125,179.0
2011-12-13,131.3125,183.0
2011-12-14,131.609375,182.0
2011-12-15,131.484375,187.0
2011-12-16,131.953125,188.0
2011-12-19,132.125,191.0
2011-12-20,131.59375,203.0
2011-12-21,130.421875,194.0
2011-12-22,130.453125,195.0
2011-12-23,129.859375,194.0
2011-12-27,129.953125,195.0
2011-12-28,130.703125,193.0
2011-12-29,130.84375,193.0
2011-12-30,131.125,193.0
2012-01-03,130.546875,190.0
2012-01-04,130.390625,190.0
2012-01-05,130.5,191.0
2012-01-06,130.75,194.0
2012-01-09,130.859375,197.0
2012-01-10,130.71875,212.0
2012-01-11,131.203125,215.0
2012-01-12,130.96875,224.0
2012-01-13,131.546875,236.0
2012-01-17,131.59375,236.0
2012-01-18,131.265625,236.0
2012-01-19,130.703125,232.0
2012-01-20,130.265625,231.0
2012-01-23,129.984375,233.0
2012-01-24,130.09375,241.0
2012-01-25,130.765625,237.0
2012-01-26,131.4375,236.0
2012-01-27,131.71875,241.0
2012-01-30,132.03125,240.0
2012-01-31,132.25,240.0
2012-02-01,131.984375,240.0
2012-02-02,132.171875,245.0
2012-02-03,131.328125,235.0
2012-02-06,131.671875,234.0
2012-02-07,131.15625,233.0
2012-02-08,131.09375,237.0
2012-02-09,130.78125,235.0
2012-02-10,131.390625,232.0
2012-02-13,131.125,232.0
2012-02-14,131.53125,231.0
2012-02-15,131.578125,234.0
2012-02-16,130.984375,229.0
2012-02-17,130.921875,230.0
2012-02-21,130.640625,234.0
2012-02-22,131.046875,234.0
2012-02-23,131.203125,237.0
2012-02-24,131.1875,239.0
2012-02-27,131.625,238.0
2012-02-28,131.671875,239.0
2012-02-29,131.265625,237.0
2012-03-01,130.890625,238.0
2012-03-02,131.390625,235.0
2012-03-05,131.203125,238.0
2012-03-06,131.71875,256.0
2012-03-07,131.515625,255.0
2012-03-08,131.21875,260.0
2012-03-09,131.0625,259.0
2012-03-12,131.078125,269.0
2012-03-13,130.484375,263.0
2012-03-14,129.234375,240.0
2012-03-15,129.34375,244.0
2012-03-16,129.046875,243.0
2012-03-19,128.53125,240.0
2012-03-20,128.546875,-241.0
2012-03-21,128.96875,-239.0
2012-03-22,128.734375,-238.0
2012-03-23,129.046875,-240.0
2012-03-26,129.0625,-241.0
2012-03-27,129.59375,-242.0
2012-03-28,129.578125,-242.0
2012-03-29,129.90625,-241.0
2012-03-30,129.484375,-243.0
2012-04-02,129.703125,-245.0
2012-04-03,128.921875,-237.0
2012-04-04,129.375,-235.0
2012-04-05,129.96875,-236.0
2012-04-06,131.046875,-227.0
2012-04-09,131.140625,-228.0
2012-04-10,131.59375,-226.0
2012-04-11,131.328125,-226.0
2012-04-12,131.140625,-227.0
2012-04-13,131.53125,-225.0
2012-04-16,131.6875,-234.0
2012-04-17,131.421875,-234.0
2012-04-18,131.5625,-238.0
2012-04-19,131.765625,-237.0
2012-04-20,131.671875,-238.0
2012-04-23,131.984375,-242.0
2012-04-24,131.78125,243.0
2012-04-25,131.6875,245.0
2012-04-26,131.921875,244.0
2012-04-27,132.15625,249.0
2012-04-30,132.28125,249.0
2012-05-01,131.96875,249.0
2012-05-02,132.1875,250.0
2012-05-03,132.1875,251.0
2012-05-04,132.640625,248.0
2012-05-07,132.640625,250.0
2012-05-08,132.921875,249.0
2012-05-09,132.90625,252.0
2012-05-10,132.78125,255.0
2012-05-11,133.078125,257.0
2012-05-14,133.421875,257.0
2012-05-15,133.375,260.0
2012-05-16,133.421875,261.0
2012-05-17,133.765625,262.0
2012-05-18,133.8125,263.0
2012-05-21,133.625,262.0
2012-05-22,133.3125,267.0
2012-05-23,133.796875,305.0
2012-05-24,133.546875,301.0
2012-05-25,133.765625,305.0
2012-05-29,133.828125,317.0
2012-05-30,134.671875,301.0
2012-05-31,134.90625,303.0
2012-06-01,135.65625,296.0
2012-06-04,135.0,282.0
2012-06-05,134.796875,280.0
2012-06-06,134.1875,273.0
2012-06-07,134.296875,273.0
2012-06-08,134.34375,274.0
2012-06-11,134.640625,279.0
2012-06-12,134.109375,271.0
2012-06-13,134.5625,285.0
2012-06-14,134.359375,286.0
2012-06-15,134.609375,291.0
2012-06-18,134.53125,320.0
2012-06-19,134.34375,317.0
2012-06-20,134.0625,319.0
2012-06-21,133.359375,305.0
2012-06-22,133.0,302.0
2012-06-25,133.5625,297.0
2012-06-26,133.4375,297.0
2012-06-27,133.546875,299.0
2012-06-28,133.921875,297.0
2012-06-29,133.375,289.0
2012-07-02,134.015625,281.0
2012-07-03,133.640625,278.0
2012-07-05,133.953125,278.0
2012-07-06,134.359375,276.0
2012-07-09,134.546875,276.0
2012-07-10,134.625,277.0
2012-07-11,134.59375,277.0
2012-07-12,134.65625,280.0
2012-07-13,134.546875,280.0
2012-07-16,134.8125,279.0
2012-07-17,134.546875,280.0
2012-07-18,134.75,280.0
2012-07-19,134.46875,279.0
2012-07-20,134.90625,275.0
2012-07-23,135.0625,276.0
2012-07-24,135.265625,276.0
2012-07-25,135.234375,278.0
2012-07-26,135.03125,277.0
2012-07-27,134.125,260.0
2012-07-30,134.5625,259.0
2012-07-31,134.65625,259.0
2012-08-01,134.15625,255.0
2012-08-02,134.625,253.0
2012-08-03,133.90625,248.0
2012-08-06,134.109375,249.0
2012-08-07,133.578125,245.0
2012-08-08,133.484375,245.0
2012-08-09,133.453125,257.0
2012-08-10,133.734375,256.0
2012-08-13,133.625,268.0
2012-08-14,133.140625,271.0
2012-08-15,132.578125,266.0
2012-08-16,132.359375,272.0
2012-08-17,132.5,272.0
2012-08-20,132.515625,272.0
2012-08-21,132.609375,274.0
2012-08-22,133.3125,268.0
2012-08-23,133.6875,270.0
2012-08-24,133.578125,270.0
2012-08-27,133.8125,-270.0
2012-08-28,133.953125,-270.0
2012-08-29,133.84375,-270.0
2012-08-30,134.1875,-269.0
2012-08-31,134.75,-274.0
2012-09-04,134.453125,-275.0
2012-09-05,134.421875,-281.0
2012-09-06,133.84375,-274.0
2012-09-07,134.125,-273.0
2012-09-10,133.96875,-275.0
2012-09-11,133.9375,-282.0
2012-09-12,133.53125,-287.0
2012-09-13,133.96875,-286.0
2012-09-14,133.140625,-273.0
2012-09-17,133.3125,-276.0
2012-09-18,133.4375,-277.0
2012-09-19,133.546875,-276.0
2012-09-20,132.40625,-253.0
2012-09-21,132.671875,-252.0
2012-09-24,132.921875,-251.0
2012-09-25,133.171875,-251.0
2012-09-26,133.640625,-248.0
2012-09-27,133.5,-248.0
2012-09-28,133.484375,-249.0
2012-10-01,133.578125,-253.0
2012-10-02,133.640625,-253.0
2012-10-03,133.734375,-254.0
2012-10-04,133.421875,-252.0
2012-10-05,132.921875,-249.0
2012-10-08,133.26562,-260.0
2012-10-09,133.046875,-263.0
2012-10-10,133.21875,-263.0
2012-10-11,133.265625,-267.0
2012-10-12,133.3125,-272.0
2012-10-15,133.3125,-282.0
2012-10-16,132.875,-279.0
2012-10-17,132.078125,-272.0
2012-10-18,131.984375,-272.0
2012-10-19,132.390625,-268.0
2012-10-22,132.109375,-269.0
2012-10-23,132.375,-268.0
2012-10-24,132.375,-272.0
2012-10-25,131.90625,-274.0
2012-10-26,132.5625,-266.0
2012-10-29,132.78125,-265.0
2012-10-30,132.671875,-265.0
2012-10-31,133.03125,-263.0
2012-11-01,132.828125,-272.0
2012-11-02,132.78125,-275.0
2012-11-05,133.140625,-272.0
2012-11-06,132.703125,-270.0
2012-11-07,133.578125,-256.0
2012-11-08,133.859375,-255.0
2012-11-09,133.90625,-257.0
2012-11-12,133.89062,-262.0
2012-11-13,134.046875,-263.0
2012-11-14,134.046875,-263.0
2012-11-15,134.03125,-270.0
2012-11-16,134.1875,-271.0
2012-11-19,133.90625,-270.0
2012-11-20,133.609375,-268.0
2012-11-21,133.390625,-270.0
2012-11-23,133.328125,-274.0
2012-11-26,133.546875,-289.0
2012-11-27,133.71875,-289.0
2012-11-28,133.984375,-288.0
2012-11-29,134.015625,288.0
2012-11-30,134.125,327.0
2012-12-03,133.96875,328.0
2012-12-04,134.078125,330.0
2012-12-05,134.28125,330.0
2012-12-06,134.359375,338.0
2012-12-07,134.0625,335.0
2012-12-10,134.109375,335.0
2012-12-11,133.921875,334.0
2012-12-12,133.609375,330.0
2012-12-13,133.296875,327.0
2012-12-14,133.390625,330.0
2012-12-17,132.984375,333.0
2012-12-18,132.578125,332.0
2012-12-19,132.875,330.0
2012-12-20,132.15625,314.0
2012-12-21,132.484375,311.0
2012-12-24,132.328125,310.0
2012-12-26,132.5,309.0
2012-12-27,132.921875,309.0
2012-12-28,132.953125,331.0
2012-12-31,132.78125,-330.0
2013-01-02,132.140625,-321.0
2013-01-03,131.625,-315.0
2013-01-04,131.515625,-317.0
2013-01-07,131.578125,-317.0
2013-01-08,131.859375,-321.0
2013-01-09,132.0625,-335.0
2013-01-10,131.71875,-333.0
2013-01-11,131.90625,-332.0
2013-01-14,132.03125,-337.0
2013-01-15,132.265625,-336.0
2013-01-16,132.296875,-336.0
2013-01-17,131.875,-335.0
2013-01-18,132.140625,-339.0
2013-01-22,132.265625,-374.0
2013-01-23,132.296875,-379.0
2013-01-24,132.234375,-380.0
2013-01-25,131.40625,-349.0
2013-01-28,131.21875,-350.0
2013-01-29,131.21875,-350.0
2013-01-30,131.1875,-350.0
2013-01-31,131.28125,-351.0
2013-02-01,131.125,-353.0
2013-02-04,131.5,-348.0
2013-02-05,131.21875,-347.0
2013-02-06,131.609375,-339.0
2013-02-07,131.75,-341.0
2013-02-08,131.734375,-343.0
2013-02-11,131.6875,-346.0
2013-02-12,131.4375,-345.0
2013-02-13,131.15625,-344.0
2013-02-14,131.5625,-336.0
2013-02-15,131.53125,-337.0
2013-02-19,131.34375,-339.0
2013-02-20,131.46875,-338.0
2013-02-21,131.796875,-335.0
2013-02-22,131.90625,-334.0
2013-02-25,132.5,-321.0
2013-02-26,132.671875,-323.0
2013-02-27,132.578125,-325.0
2013-02-28,132.703125,-325.0
2013-03-01,132.921875,-329.0
2013-03-04,132.78125,-334.0
2013-03-05,132.6875,-337.0
2013-03-06,132.39062,-356.0
2013-03-07,131.9375,-351.0
2013-03-08,131.46875,-343.0
2013-03-11,131.48438,-345.0
2013-03-12,131.73438,-350.0
2013-03-13,131.71875,-350.0
2013-03-14,131.73438,-351.0
2013-03-15,132.14062,-362.0
2013-03-18,132.4375,-371.0
2013-03-19,132.79688,-366.0
2013-03-20,131.39062,-294.0
2013-03-21,131.40625,-296.0
2013-03-22,131.51562,-297.0
2013-03-25,131.57812,-300.0
2013-03-26,131.70312,-301.0
2013-03-27,132.125,-296.0
2013-03-28,131.98438,-297.0
2013-04-01,132.125,-297.0
2013-04-02,131.98438,-301.0
2013-04-03,132.40625,-298.0
2013-04-04,132.84375,-294.0
2013-04-05,133.15625,-291.0
2013-04-08,132.85938,-289.0
2013-04-09,132.8125,-309.0
2013-04-10,132.42188,-305.0
2013-04-11,132.54688,-304.0
2013-04-12,132.98438,-300.0
2013-04-15,133.04688,-300.0
2013-04-16,132.95312,-301.0
2013-04-17,133.0625,-304.0
2013-04-18,133.14062,307.0
2013-04-19,133.0,309.0
2013-04-22,133.09375,310.0
2013-04-23,133.07812,310.0
2013-04-24,133.10938,310.0
2013-04-25,133.0625,312.0
2013-04-26,133.4375,312.0
2013-04-29,133.45312,316.0
2013-04-30,133.35938,316.0
2013-05-01,133.60938,316.0
2013-05-02,133.64062,316.0
2013-05-03,132.85938,299.0
2013-05-06,132.67188,298.0
2013-05-07,132.625,308.0
2013-05-08,132.78125,308.0
2013-05-09,132.71875,308.0
2013-05-10,132.07812,297.0
2013-05-13,131.96875,298.0
2013-05-14,131.71875,297.0
2013-05-15,131.84375,297.0
2013-05-16,132.46875,289.0
2013-05-17,131.85938,285.0
2013-05-20,131.8125,290.0
2013-05-21,131.90625,290.0
2013-05-22,131.23438,281.0
2013-05-23,131.26562,281.0
2013-05-24,131.34375,281.0
2013-05-28,130.39062,266.0
2013-05-29,130.46875,-268.0
2013-05-30,130.48438,-271.0
2013-05-31,130.25,-319.0
2013-06-03,130.42188,-318.0
2013-06-04,130.34375,-318.0
2013-06-05,130.5625,-317.0
2013-06-06,130.79688,-315.0
2013-06-07,130.14062,-309.0
2013-06-10,129.8125,-307.0
2013-06-11,129.92188,-308.0
2013-06-12,129.70312,-307.0
2013-06-13,130.0625,-309.0
2013-06-14,130.625,-304.0
2013-06-17,130.35938,-307.0
2013-06-18,130.28125,-309.0
2013-06-19,129.89062,-305.0
2013-06-20,127.09375,-198.0
2013-06-21,126.26562,-194.0
2013-06-24,125.95312,-197.0
2013-06-25,125.70312,-197.0
2013-06-26,126.15625,-194.0
2013-06-27,126.64062,-192.0
2013-06-28,126.5625,-192.0
2013-07-01,126.53125,-192.0
2013-07-02,126.60938,-192.0
2013-07-03,126.35938,-192.0
2013-07-05,124.65625,-177.0
2013-07-08,125.28125,-174.0
2013-07-09,125.5,-174.0
2013-07-10,125.28125,-174.0
2013-07-11,126.3125,-167.0
2013-07-12,126.09375,-168.0
2013-07-15,126.5,-167.0
2013-07-16,126.59375,-169.0
2013-07-17,127.01562,-167.0
2013-07-18,126.75,-167.0
2013-07-19,127.09375,-166.0
2013-07-22,127.10938,-166.0
2013-07-23,126.95312,-168.0
2013-07-24,126.42188,-167.0
2013-07-25,126.29688,-167.0
2013-07-26,126.6875,-166.0
2013-07-29,126.53125,-169.0
2013-07-30,126.42188,-170.0
2013-07-31,126.4375,-170.0
2013-08-01,125.375,-166.0
2013-08-02,126.57812,-159.0
2013-08-05,126.34375,-159.0
2013-08-06,126.35938,-160.0
2013-08-07,126.64062,-162.0
2013-08-08,126.8125,-162.0
2013-08-09,126.8125,-162.0
2013-08-12,126.625,-162.0
2013-08-13,125.70312,-159.0
2013-08-14,125.78125,-159.0
2013-08-15,125.5,-160.0
2013-08-16,124.98438,-159.0
2013-08-19,124.60938,-160.0
2013-08-20,125.17188,-159.0
2013-08-21,124.71875,-158.0
2013-08-22,124.26562,-158.0
2013-08-23,124.85938,-157.0
2013-08-26,125.04688,-158.0
2013-08-27,125.73438,-156.0
2013-08-28,125.26562,-155.0
2013-08-29,125.5,-155.0
2013-08-30,125.34375,-195.0
2013-09-03,124.65625,-197.0
2013-09-04,124.1875,-196.0
2013-09-05,123.53125,-193.0
2013-09-06,124.07812,-193.0
2013-09-09,124.48438,-193.0
2013-09-10,124.15625,-193.0
2013-09-11,124.53125,-191.0
2013-09-12,124.5625,-191.0
2013-09-13,124.67188,-192.0
2013-09-16,125.0625,-214.0
2013-09-17,125.21875,-218.0
2013-09-18,126.57812,-202.0
2013-09-19,126.125,-200.0
2013-09-20,125.29688,-203.0
2013-09-23,125.45312,-203.0
2013-09-24,125.9375,-203.0
2013-09-25,126.28125,-202.0
2013-09-26,126.09375,-203.0
2013-09-27,126.34375,-203.0
2013-09-30,126.39062,-204.0
2013-10-01,126.125,-204.0
2013-10-02,126.39062,-203.0
2013-10-03,126.57812,-205.0
2013-10-04,126.1875,-204.0
2013-10-07,126.29688,-205.0
2013-10-08,126.26562,-206.0
2013-10-09,126.26562,-206.0
2013-10-10,125.98438,-205.0
2013-10-11,126.10938,-216.0
2013-10-14,125.92188,-232.0
2013-10-15,125.85938,-232.0
2013-10-16,126.26562,-230.0
2013-10-17,126.95312,-225.0
2013-10-18,126.89062,-226.0
2013-10-21,126.75,-225.0
2013-10-22,127.5,-220.0
2013-10-23,127.65625,230.0
2013-10-24,127.40625,229.0
2013-10-25,127.60938,230.0
2013-10-28,127.5625,234.0
2013-10-29,127.71875,236.0
2013-10-30,127.51562,239.0
2013-10-31,127.35938,242.0
2013-11-01,126.78125,240.0
2013-11-04,126.98438,244.0
2013-11-05,126.5625,241.0
2013-11-06,126.92188,246.0
2013-11-07,127.14062,249.0
2013-11-08,126.10938,234.0
2013-11-11,126.03125,234.0
2013-11-12,125.90625,240.0
2013-11-13,126.35938,242.0
2013-11-14,126.84375,246.0
2013-11-15,126.76562,250.0
2013-11-18,127.04688,251.0
2013-11-19,126.73438,251.0
2013-11-20,126.35938,250.0
2013-11-21,126.35938,250.0
2013-11-22,126.57812,250.0
2013-11-25,126.67188,252.0
2013-11-26,127.0625,250.0
2013-11-27,126.75,282.0
2013-11-29,126.64062,286.0
2013-12-02,126.15625,298.0
2013-12-03,126.39062,297.0
2013-12-04,125.9375,298.0
2013-12-05,125.73438,300.0
2013-12-06,125.57812,300.0
2013-12-09,125.6875,302.0
2013-12-10,126.17188,295.0
2013-12-11,125.8125,294.0
2013-12-12,125.5625,294.0
2013-12-13,125.5625,295.0
2013-12-16,125.53125,299.0
2013-12-17,125.82812,297.0
2013-12-18,125.54688,295.0
2013-12-19,124.92188,286.0
2013-12-20,123.73438,-260.0
2013-12-23,123.4375,-259.0
2013-12-24,123.04688,-258.0
2013-12-26,122.98438,-258.0
2013-12-27,122.98438,-261.0
2013-12-30,123.21875,-271.0
2013-12-31,123.04688,-270.0
2014-01-02,123.21875,-269.0
2014-01-03,123.17188,-284.0
2014-01-06,123.46875,-282.0
2014-01-07,123.6875,-281.0
2014-01-08,123.10938,-277.0
2014-01-09,123.32812,-275.0
2014-01-10,124.29688,-255.0
2014-01-13,124.57812,-254.0
2014-01-14,124.17188,-252.0
2014-01-15,123.96875,-256.0
2014-01-16,124.26562,-255.0
2014-01-17,124.42188,-257.0
2014-01-21,124.375,-260.0
2014-01-22,123.96875,-259.0
2014-01-23,124.78125,-263.0
2014-01-24,125.0625,-261.0
2014-01-27,124.8125,-261.0
2014-01-28,125.07812,-263.0
2014-01-29,125.625,-262.0
2014-01-30,125.45312,-262.0
2014-01-31,125.75,-262.0
2014-02-03,126.42188,-255.0
2014-02-04,126.14062,-256.0
2014-02-05,125.875,-255.0
2014-02-06,125.60938,-255.0
2014-02-07,125.96875,-252.0
2014-02-10,125.9375,-255.0
2014-02-11,125.57812,-255.0
2014-02-12,125.25,-253.0
2014-02-13,125.75,-252.0
2014-02-14,125.64062,-253.0
2014-02-18,125.953125,-255.0
2014-02-19,125.6875,-254.0
2014-02-20,125.5,-254.0
2014-02-21,125.546875,-254.0
2014-02-24,125.484375,-259.0
2014-02-25,125.8125,259.0
2014-02-26,125.859375,260.0
2014-02-27,126.296875,257.0
2014-02-28,126.10938,256.0
2014-03-03,126.57812,254.0
2014-03-04,125.92188,248.0
2014-03-05,125.9375,255.0
2014-03-06,125.60938,281.0
2014-03-07,125.14062,278.0
2014-03-10,125.25,282.0
2014-03-11,125.375,282.0
2014-03-12,125.65625,281.0
2014-03-13,126.21875,276.0
2014-03-14,126.26562,277.0
2014-03-17,125.89062,273.0
2014-03-18,126.0625,273.0
2014-03-19,125.0625,254.0
2014-03-20,123.125,208.0
2014-03-21,123.421875,210.0
2014-03-24,123.42188,211.0
2014-03-25,123.453125,-220.0
2014-03-26,123.78125,-220.0
2014-03-27,123.859375,-222.0
2014-03-28,123.5625,-221.0
2014-03-31,123.5,-222.0
2014-04-01,123.359375,-222.0
2014-04-02,122.90625,-220.0
2014-04-03,122.96875,-222.0
2014-04-04,123.609375,-225.0
2014-04-07,123.890625,-225.0
2014-04-08,123.84375,-225.0
2014-04-09,123.828125,-226.0
2014-04-10,124.828125,-218.0
2014-04-11,124.796875,-218.0
2014-04-14,124.609375,-219.0
2014-04-15,124.65625,-225.0
2014-04-16,124.34375,-224.0
2014-04-17,123.765625,-222.0
2014-04-21,123.828125,-222.0
2014-04-22,123.609375,-224.0
2014-04-23,124.03125,-221.0
2014-04-24,123.875,-222.0
2014-04-25,124.0625,-223.0
2014-04-28,124.0625,-226.0
2014-04-29,123.8125,-225.0
2014-04-30,124.40625,-222.0
2014-05-01,124.40625,-223.0
2014-05-02,124.703125,-222.0
2014-05-05,124.578125,-222.0
2014-05-06,124.65625,-222.0
2014-05-07,124.828125,-223.0
2014-05-08,124.828125,-223.0
2014-05-09,125.0,-225.0
2014-05-12,124.75,-225.0
2014-05-13,124.6875,-228.0
2014-05-14,125.625,-222.0
2014-05-15,125.921875,-221.0
2014-05-16,125.84375,-222.0
2014-05-19,125.78125,-224.0
2014-05-20,125.953125,224.0
2014-05-21,125.578125,223.0
2014-05-22,125.625,223.0
2014-05-23,125.828125,227.0
2014-05-27,125.78125,227.0
2014-05-28,126.46875,223.0
2014-05-29,126.421875,223.0
2014-05-30,126.140625,235.0
2014-06-02,125.71875,306.0
2014-06-03,125.265625,301.0
2014-06-04,125.15625,301.0
2014-06-05,125.40625,299.0
2014-06-06,125.234375,301.0
2014-06-09,125.0625,300.0
2014-06-10,124.90625,302.0
2014-06-11,124.96875,302.0
2014-06-12,125.40625,298.0
2014-06-13,125.171875,303.0
2014-06-16,125.171875,303.0
2014-06-17,124.75,308.0
2014-06-18,125.09375,306.0
2014-06-19,124.1875,284.0
2014-06-20,124.296875,284.0
2014-06-23,124.375,311.0
2014-06-24,124.359375,311.0
2014-06-25,124.78125,306.0
2014-06-26,125.125,303.0
2014-06-27,125.140625,306.0
2014-06-30,125.1875,-317.0
2014-07-01,124.875,-314.0
2014-07-02,124.40625,-308.0
2014-07-03,124.21875,-312.0
2014-07-07,124.390625,-312.0
2014-07-08,124.734375,-310.0
2014-07-09,124.59375,-309.0
2014-07-10,125.15625,-302.0
2014-07-11,125.296875,-312.0
2014-07-14,125.03125,-309.0
2014-07-15,124.921875,-311.0
2014-07-16,124.890625,-312.0
2014-07-17,125.390625,-305.0
2014-07-18,125.25,-305.0
2014-07-21,125.46875,304.0
2014-07-22,125.359375,304.0
2014-07-23,125.46875,306.0
2014-07-24,125.09375,301.0
2014-07-25,125.25,329.0
2014-07-28,125.078125,331.0
2014-07-29,125.359375,328.0
2014-07-30,124.578125,309.0
2014-07-31,124.59375,310.0
2014-08-01,125.234375,301.0
2014-08-04,125.359375,301.0
2014-08-05,125.421875,302.0
2014-08-06,125.5,302.0
2014-08-07,125.609375,316.0
2014-08-08,125.984375,311.0
2014-08-11,125.953125,314.0
2014-08-12,125.875,319.0
2014-08-13,125.96875,326.0
2014-08-14,126.203125,325.0
2014-08-15,126.640625,321.0
2014-08-18,126.359375,319.0
2014-08-19,126.296875,320.0
2014-08-20,125.921875,316.0
2014-08-21,125.984375,316.0
2014-08-22,125.890625,322.0
2014-08-25,125.90625,324.0
2014-08-26,125.96875,324.0
2014-08-27,126.28125,328.0
2014-08-28,126.390625,331.0
2014-08-29,126.328125,369.0
2014-09-02,125.796875,354.0
2014-09-03,125.78125,354.0
2014-09-04,125.453125,348.0
2014-09-05,125.53125,356.0
2014-09-08,125.71875,359.0
2014-09-09,125.109375,343.0
2014-09-10,124.921875,341.0
2014-09-11,124.953125,345.0
2014-09-12,124.484375,345.0
2014-09-15,124.65625,346.0
2014-09-16,124.703125,347.0
2014-09-17,124.59375,351.0
2014-09-18,124.28125,348.0
2014-09-19,123.828125,354.0
2014-09-22,124.28125,-346.0
2014-09-23,124.53125,-345.0
2014-09-24,124.53125,-346.0
2014-09-25,124.6875,-345.0
2014-09-26,124.4375,-353.0
2014-09-29,124.765625,-349.0
2014-09-30,124.625,-351.0
2014-10-01,125.484375,-322.0
2014-10-02,125.3125,-321.0
2014-10-03,124.875,-320.0
2014-10-06,125.40625,-311.0
2014-10-07,125.9375,-304.0
2014-10-08,126.015625,-306.0
2014-10-09,126.5,-320.0
2014-10-10,126.546875,-320.0
2014-10-13,127.15625,-321.0
2014-10-14,127.4375,-320.0
2014-10-15,128.53125,289.0
2014-10-16,127.984375,280.0
2014-10-17,127.640625,277.0
2014-10-20,127.734375,279.0
2014-10-21,127.640625,279.0
2014-10-22,127.34375,277.0
2014-10-23,126.921875,273.0
2014-10-24,127.03125,274.0
2014-10-27,127.140625,277.0
2014-10-28,126.96875,278.0
2014-10-29,126.703125,277.0
2014-10-30,126.625,280.0
2014-10-31,126.34375,278.0
2014-11-03,126.15625,278.0
2014-11-04,126.4375,276.0
2014-11-05,126.28125,275.0
2014-11-06,126.140625,277.0
2014-11-07,126.640625,272.0
2014-11-10,126.375,271.0
2014-11-11,126.109375,275.0
2014-11-12,126.328125,274.0
2014-11-13,126.484375,276.0
2014-11-14,126.359375,276.0
2014-11-17,126.46875,276.0
2014-11-18,126.59375,285.0
2014-11-19,126.34375,284.0
2014-11-20,126.453125,284.0
2014-11-21,126.640625,290.0
2014-11-24,126.796875,290.0
2014-11-25,127.078125,289.0
2014-11-26,127.359375,288.0
2014-11-28,127.65625,290.0
2014-12-01,127.515625,296.0
2014-12-02,126.953125,290.0
2014-12-03,126.890625,290.0
2014-12-04,127.109375,290.0
2014-12-05,126.515625,280.0
2014-12-08,126.796875,281.0
2014-12-09,127.140625,281.0
2014-12-10,127.625,278.0
2014-12-11,127.359375,291.0
2014-12-12,127.953125,284.0
2014-12-15,127.703125,288.0
2014-12-16,128.109375,291.0
2014-12-17,127.4375,284.0
2014-12-18,127.015625,280.0
2014-12-19,126.6875,282.0
2014-12-22,126.703125,282.0
2014-12-23,126.203125,285.0
2014-12-24,125.953125,286.0
2014-12-26,126.015625,323.0
2014-12-29,126.4375,324.0
2014-12-30,126.57812,327.0
2014-12-31,126.8125,325.0
2015-01-02,127.234375,319.0
2015-01-05,127.65625,316.0
2015-01-06,128.5,301.0
2015-01-07,128.421875,301.0
2015-01-08,128.03125,297.0
2015-01-09,128.625,289.0
2015-01-12,129.078125,287.0
2015-01-13,129.28125,287.0
2015-01-14,129.890625,283.0
2015-01-15,130.359375,281.0
2015-01-16,129.9375,276.0
2015-01-20,129.859375,277.0
2015-01-21,129.859375,278.0
2015-01-22,128.84375,259.0
2015-01-23,129.609375,252.0
2015-01-26,129.671875,254.0
2015-01-27,129.625,254.0
2015-01-28,130.390625,247.0
2015-01-29,130.1875,246.0
2015-01-30,130.875,241.0
2015-02-02,130.65625,239.0
2015-02-03,130.5625,240.0
2015-02-04,130.0,235.0
2015-02-05,129.984375,235.0
2015-02-06,128.875,219.0
2015-02-09,128.640625,219.0
2015-02-10,128.359375,219.0
2015-02-11,128.203125,219.0
2015-02-12,128.40625,219.0
2015-02-13,128.328125,223.0
2015-02-17,127.25,210.0
2015-02-18,127.453125,210.0
2015-02-19,127.75,213.0
2015-02-20,127.40625,213.0
2015-02-23,127.890625,211.0
2015-02-24,128.625,209.0
2015-02-25,128.78125,209.0
2015-02-26,128.34375,210.0
2015-02-27,128.390625,211.0
2015-03-02,127.765625,209.0
2015-03-03,127.46875,212.0
2015-03-04,127.5625,214.0
2015-03-05,127.71875,215.0
2015-03-06,126.75,206.0
2015-03-09,127.09375,207.0
2015-03-10,127.5625,206.0
2015-03-11,127.609375,206.0
2015-03-12,127.828125,207.0
2015-03-13,127.765625,207.0
2015-03-16,127.84375,208.0
2015-03-17,128.109375,209.0
2015-03-18,129.15625,201.0
2015-03-19,128.8125,206.0
2015-03-20,128.65625,205.0
2015-03-23,128.828125,207.0
2015-03-24,129.09375,209.0
2015-03-25,129.28125,211.0
2015-03-26,128.21875,201.0
2015-03-27,128.609375,203.0
2015-03-30,128.6875,205.0
2015-03-31,128.90625,206.0
2015-04-01,129.34375,204.0
2015-04-02,129.171875,204.0
2015-04-06,129.46875,213.0
2015-04-07,129.359375,218.0
2015-04-08,129.15625,218.0
2015-04-09,129.09375,218.0
2015-04-10,128.8125,224.0
2015-04-13,128.984375,224.0
2015-04-14,129.59375,225.0
2015-04-15,129.484375,226.0
2015-04-16,129.359375,226.0
2015-04-17,129.765625,227.0
2015-04-20,129.640625,227.0
2015-04-21,129.375,242.0
2015-04-22,128.84375,239.0
2015-04-23,129.0625,239.0
2015-04-24,129.265625,239.0
2015-04-27,129.3125,240.0
2015-04-28,128.9375,238.0
2015-04-29,128.484375,253.0
2015-04-30,127.90625,247.0
2015-05-01,127.859375,249.0
2015-05-04,127.765625,251.0
2015-05-05,127.390625,252.0
2015-05-06,127.09375,261.0
2015-05-07,127.390625,259.0
2015-05-08,128.015625,255.0
2015-05-11,126.96875,239.0
2015-05-12,127.046875,-244.0
2015-05-13,127.3125,-244.0
2015-05-14,127.390625,-244.0
2015-05-15,128.015625,-239.0
2015-05-18,127.484375,-249.0
2015-05-19,127.03125,-247.0
2015-05-20,127.15625,-251.0
2015-05-21,127.609375,-247.0
2015-05-22,127.265625,-246.0
2015-05-26,127.875,-241.0
2015-05-27,127.6875,-240.0
2015-05-28,128.015625,-240.0
2015-05-29,128.3125,-256.0
2015-06-01,127.5625,-249.0
2015-06-02,127.0,-245.0
2015-06-03,126.25,-238.0
2015-06-04,126.703125,-236.0
2015-06-05,125.9375,-230.0
2015-06-08,126.140625,-243.0
2015-06-09,125.875,-245.0
2015-06-10,125.484375,-244.0
2015-06-11,126.140625,-238.0
2015-06-12,126.09375,-241.0
2015-06-15,126.359375,-240.0
2015-06-16,126.640625,-240.0
2015-06-17,126.90625,-239.0
2015-06-18,126.640625,-238.0
2015-06-19,126.53125,-238.0
2015-06-22,125.78125,-233.0
2015-06-23,125.46875,-232.0
2015-06-24,125.6875,-238.0
2015-06-25,125.4375,-237.0
2015-06-26,125.0,-235.0
2015-06-29,126.125,-221.0
2015-06-30,126.15625,-221.0
2015-07-01,125.4375,-217.0
2015-07-02,125.21875,-219.0
2015-07-06,126.75,-196.0
2015-07-07,126.875,-197.0
2015-07-08,127.4375,-194.0
2015-07-09,126.640625,-191.0
2015-07-10,125.90625,-188.0
2015-07-13,125.40625,-189.0
2015-07-14,125.921875,-187.0
2015-07-15,126.203125,-186.0
2015-07-16,126.171875,-187.0
2015-07-17,126.109375,-188.0
2015-07-20,125.859375,-188.0
2015-07-21,126.28125,-189.0
2015-07-22,126.265625,-197.0
2015-07-23,126.65625,-196.0
2015-07-24,126.78125,-196.0
2015-07-27,127.21875,-195.0
2015-07-28,126.96875,-198.0
2015-07-29,126.71875,-199.0
2015-07-30,126.859375,-201.0
2015-07-31,127.609375,-196.0
2015-08-03,127.796875,-198.0
2015-08-04,127.125,-195.0
2015-08-05,126.71875,-197.0
2015-08-06,127.0625,-196.0
2015-08-07,127.546875,-195.0
2015-08-10,127.09375,-194.0
2015-08-11,127.84375,-194.0
2015-08-12,127.8125,-197.0
2015-08-13,127.5,-201.0
2015-08-14,127.328125,-202.0
2015-08-17,127.625,-207.0
2015-08-18,127.4375,-206.0
2015-08-19,128.09375,-204.0
2015-08-20,128.46875,205.0
2015-08-21,128.78125,207.0
2015-08-24,129.125,207.0
2015-08-25,128.59375,204.0
2015-08-26,127.859375,200.0
2015-08-27,127.828125,200.0
2015-08-28,127.84375,201.0
2015-08-31,127.484375,200.0
2015-09-01,128.0,203.0
2015-09-02,127.78125,203.0
2015-09-03,128.015625,203.0
2015-09-04,128.28125,204.0
2015-09-08,127.875,204.0
2015-09-09,127.828125,215.0
2015-09-10,127.671875,214.0
2015-09-11,128.03125,219.0
2015-09-14,128.140625,220.0
2015-09-15,127.203125,236.0
2015-09-16,127.140625,236.0
2015-09-17,128.109375,228.0
2015-09-18,128.53125,235.0
2015-09-21,127.390625,225.0
2015-09-22,128.0625,224.0
2015-09-23,127.890625,226.0
2015-09-24,128.078125,226.0
2015-09-25,127.875,225.0
2015-09-28,128.4375,222.0
2015-09-29,128.78125,222.0
2015-09-30,128.84375,224.0
2015-10-01,128.78125,224.0
2015-10-02,129.265625,223.0
2015-10-05,128.828125,221.0
2015-10-06,129.0625,222.0
2015-10-07,128.765625,222.0
2015-10-08,128.5,221.0
2015-10-09,128.546875,222.0
2015-10-12,128.78125,227.0
2015-10-13,128.921875,227.0
2015-10-14,129.609375,228.0
2015-10-15,129.140625,227.0
2015-10-16,128.953125,228.0
2015-10-19,129.0,230.0
2015-10-20,128.5625,231.0
2015-10-21,128.921875,236.0
2015-10-22,128.875,236.0
2015-10-23,128.375,234.0
2015-10-26,128.59375,234.0
2015-10-27,128.84375,234.0
2015-10-28,128.109375,227.0
2015-10-29,127.578125,229.0
2015-10-30,127.71875,231.0
2015-11-02,127.421875,231.0
2015-11-03,127.15625,232.0
2015-11-04,126.953125,235.0
2015-11-05,126.953125,242.0
2015-11-06,126.09375,233.0
2015-11-09,125.921875,232.0
2015-11-10,126.1875,233.0
2015-11-11,126.125,237.0
2015-11-12,126.234375,237.0
2015-11-13,126.5625,-236.0
2015-11-16,126.671875,-237.0
2015-11-17,126.6875,-239.0
2015-11-18,126.59375,-239.0
2015-11-19,126.8125,-238.0
2015-11-20,126.65625,-240.0
2015-11-23,126.796875,-240.0
2015-11-24,126.96875,-252.0
2015-11-25,126.96875,-252.0
2015-11-27,127.078125,-270.0
2015-11-30,127.0625,-274.0
2015-12-01,127.5625,-297.0
2015-12-02,127.25,-308.0
2015-12-03,126.234375,-283.0
2015-12-04,126.59375,-280.0
2015-12-07,126.859375,-279.0
2015-12-08,127.015625,-286.0
2015-12-09,127.203125,-289.0
2015-12-10,126.953125,-288.0
2015-12-11,127.765625,-272.0
2015-12-14,127.046875,-268.0
2015-12-15,126.6875,-269.0
2015-12-16,126.375,-269.0
2015-12-17,126.890625,-264.0
2015-12-18,127.109375,-264.0
2015-12-21,126.5625,-259.0
2015-12-22,126.1875,-259.0
2015-12-23,126.03125,-259.0
2015-12-24,126.171875,-269.0
2015-12-28,126.234375,-272.0
2015-12-29,125.625,-266.0
2015-12-30,125.6875,-266.0
2015-12-31,125.90625,-268.0
2016-01-04,126.21875,-268.0
2016-01-05,126.28125,-268.0
2016-01-06,126.859375,-265.0
2016-01-07,127.15625,-264.0
2016-01-08,127.515625,-263.0
2016-01-11,127.203125,-271.0
2016-01-12,127.75,-270.0
2016-01-13,128.046875,-269.0
2016-01-14,127.875,-270.0
2016-01-15,128.453125,-265.0
2016-01-19,128.25,-265.0
2016-01-20,128.78125,-261.0
2016-01-21,128.609375,-276.0
2016-01-22,128.3125,-274.0
2016-01-25,128.625,-274.0
2016-01-26,128.71875,-274.0
2016-01-27,128.90625,-274.0
2016-01-28,129.03125,275.0
2016-01-29,129.578125,270.0
2016-02-01,129.3125,268.0
2016-02-02,130.0625,260.0
2016-02-03,130.046875,260.0
2016-02-04,130.34375,260.0
2016-02-05,130.375,260.0
2016-02-08,131.09375,253.0
2016-02-09,131.28125,253.0
2016-02-10,131.75,251.0
2016-02-11,131.859375,251.0
2016-02-12,131.046875,242.0
2016-02-16,130.828125,242.0
2016-02-17,130.53125,259.0
2016-02-18,131.0625,257.0
2016-02-19,130.890625,257.0
2016-02-22,130.859375,257.0
2016-02-23,131.125,256.0
2016-02-24,130.9375,257.0
2016-02-25,131.328125,265.0
2016-02-26,130.75,269.0
2016-02-29,130.90625,273.0
2016-03-01,130.015625,258.0
2016-03-02,129.8125,260.0
2016-03-03,129.890625,260.0
2016-03-04,129.53125,264.0
2016-03-07,129.328125,266.0
2016-03-08,129.953125,261.0
2016-03-09,129.59375,258.0
2016-03-10,129.015625,251.0
2016-03-11,128.71875,257.0
2016-03-14,128.875,256.0
2016-03-15,128.796875,257.0
2016-03-16,129.515625,250.0
2016-03-17,129.59375,250.0
2016-03-18,129.84375,254.0
2016-03-21,129.015625,243.0
2016-03-22,128.734375,243.0
2016-03-23,129.296875,241.0
2016-03-24,129.1875,244.0
2016-03-28,129.28125,245.0
2016-03-29,130.046875,238.0
2016-03-30,130.046875,242.0
2016-03-31,130.5,241.0
2016-04-01,130.46875,244.0
2016-04-04,130.59375,245.0
2016-04-05,130.875,246.0
2016-04-06,130.6875,246.0
2016-04-07,131.234375,242.0
2016-04-08,131.078125,242.0
